filename,json_data,ocred_text
invoice_51109301.pdf,"{
  ""invoice_no"": ""51109301"",
  ""date_of_issue"": ""03/07/2023"",
  ""seller"": {
    ""name"": ""TechVision Distributors Pvt Ltd"",
    ""address"": ""Plot 14, MIDC Industrial Area, Andheri East, Mumbai, Maharashtra - 400093"",
    ""tax_id"": ""27AABCT1234F1Z5"",
    ""gstin"": ""27AABCT1234F1Z5""
  },
  ""client"": {
    ""name"": ""Raj Electronics Pvt Ltd"",
    ""address"": ""42 MG Road, Bengaluru, Karnataka - 560001"",
    ""tax_id"": ""901-95-4704""
  },
  ""items"": [
    {
      ""item_no"": ""1."",
      ""description"": ""Garmin Fenix 7 Solar Multisport GPS"",
      ""quantity"": ""9.00"",
      ""unit_measure"": ""pcs"",
      ""net_price"": ""74,120.00"",
      ""net_worth"": ""667,080.00"",
      ""vat_pct"": ""10%"",
      ""gross_worth"": ""733,788.00""
    },
    {
      ""item_no"": ""2."",
      ""description"": ""Apple Watch Series 9 GPS 45mm Midnight"",
      ""quantity"": ""8.00"",
      ""unit_measure"": ""pcs"",
      ""net_price"": ""52,083.00"",
      ""net_worth"": ""416,664.00"",
      ""vat_pct"": ""10%"",
      ""gross_worth"": ""458,330.40""
    },
    {
      ""item_no"": ""3."",
      ""description"": ""Xiaomi 14 Pro 512GB White"",
      ""quantity"": ""8.00"",
      ""unit_measure"": ""pcs"",
      ""net_price"": ""74,154.00"",
      ""net_worth"": ""593,232.00"",
      ""vat_pct"": ""10%"",
      ""gross_worth"": ""652,555.20""
    }
  ],
  ""summary"": {
    ""vat_pct"": ""10%"",
    ""net_worth"": ""1,676,976.00"",
    ""vat_amount"": ""167,697.60"",
    ""gross_worth"": ""1,844,673.60"",
    ""total_net_worth"": ""INR 1,676,976.00"",
    ""total_vat"": ""INR 167,697.60"",
    ""total_gross_worth"": ""INR 1,844,673.60""
  }
}","Invoice no: 51109301
Date of issue: 03/07/2023
Seller: Client:
TechVision Distributors Pvt Ltd Raj Electronics Pvt Ltd
Plot 14, MIDC Industrial Area, Andheri East 42 MG Road
Mumbai, Maharashtra - 400093 Bengaluru, Karnataka - 560001
Tax Id: 27AABCT1234F1Z5 Tax Id: 901-95-4704
GSTIN: 27AABCT1234F1Z5
ITEMS
No. Description Qty UM Net Price Net Worth VAT % Gross
Worth
1. Garmin Fenix 7 Solar Multisport GPS 9.00 pcs 74,120.00 667,080.00 10% 733,788.00
2. Apple Watch Series 9 GPS 45mm 8.00 pcs 52,083.00 416,664.00 10% 458,330.40
Midnight
3. Xiaomi 14 Pro 512GB White 8.00 pcs 74,154.00 593,232.00 10% 652,555.20
SUMMARY
VAT % Net Worth VAT Gross Worth
10% 1,676,976.00 167,697.60 1,844,673.60
INR
Total INR 1,676,976.00 INR 1,844,673.60
167,697.60"
invoice_51109302.pdf,"{
  ""invoice_no"": ""51109302"",
  ""date_of_issue"": ""25/09/2023"",
  ""seller"": {
    ""name"": ""TechVision Distributors Pvt Ltd"",
    ""address"": ""Plot 14, MIDC Industrial Area, Andheri East, Mumbai, Maharashtra - 400093"",
    ""tax_id"": ""27AABCT1234F1Z5"",
    ""gstin"": ""27AABCT1234F1Z5""
  },
  ""client"": {
    ""name"": ""Sharma Tech Solutions"",
    ""address"": ""15 Connaught Place, New Delhi, Delhi - 110001"",
    ""tax_id"": ""322-76-5821""
  },
  ""items"": [
    {
      ""item_no"": ""1."",
      ""description"": ""Apple MacBook Air M2 8GB 256GB Silver"",
      ""quantity"": ""7.00"",
      ""unit_measure"": ""pcs"",
      ""net_price"": ""102,933.00"",
      ""net_worth"": ""720,531.00"",
      ""vat_pct"": ""10%"",
      ""gross_worth"": ""792,584.10""
    },
    {
      ""item_no"": ""2."",
      ""description"": ""TP-Link Archer AX73 WiFi 6 Router"",
      ""quantity"": ""5.00"",
      ""unit_measure"": ""pcs"",
      ""net_price"": ""15,075.00"",
      ""net_worth"": ""75,375.00"",
      ""vat_pct"": ""10%"",
      ""gross_worth"": ""82,912.50""
    },
    {
      ""item_no"": ""3."",
      ""description"": ""Samsung Galaxy Tab S9 256GB Graphite"",
      ""quantity"": ""1.00"",
      ""unit_measure"": ""pcs"",
      ""net_price"": ""76,786.00"",
      ""net_worth"": ""76,786.00"",
      ""vat_pct"": ""10%"",
      ""gross_worth"": ""84,464.60""
    },
    {
      ""item_no"": ""4."",
      ""description"": ""LG UltraGear 27 inch 165Hz Gaming Monitor"",
      ""quantity"": ""5.00"",
      ""unit_measure"": ""pcs"",
      ""net_price"": ""28,169.00"",
      ""net_worth"": ""140,845.00"",
      ""vat_pct"": ""10%"",
      ""gross_worth"": ""154,929.50""
    },
    {
      ""item_no"": ""5."",
      ""description"": ""JBL Flip 6 Portable Bluetooth Speaker"",
      ""quantity"": ""4.00"",
      ""unit_measure"": ""pcs"",
      ""net_price"": ""11,692.00"",
      ""net_worth"": ""46,768.00"",
      ""vat_pct"": ""10%"",
      ""gross_worth"": ""51,444.80""
    },
    {
      ""item_no"": ""6."",
      ""description"": ""Vivo X100 Pro 256GB Asteroid Black"",
      ""quantity"": ""8.00"",
      ""unit_measure"": ""pcs"",
      ""net_price"": ""90,026.00"",
      ""net_worth"": ""720,208.00"",
      ""vat_pct"": ""10%"",
      ""gross_worth"": ""792,228.80""
    }
  ],
  ""summary"": {
    ""vat_pct"": ""10%"",
    ""net_worth"": ""1,780,513.00"",
    ""vat_amount"": ""178,051.30"",
    ""gross_worth"": ""1,958,564.30"",
    ""total_net_worth"": ""INR 1,780,513.00"",
    ""total_vat"": ""INR 178,051.30"",
    ""total_gross_worth"": ""INR 1,958,564.30""
  }
}","Invoice no: 51109302
Date of issue: 25/09/2023
Seller: Client:
TechVision Distributors Pvt Ltd Sharma Tech Solutions
Plot 14, MIDC Industrial Area, Andheri East 15 Connaught Place
Mumbai, Maharashtra - 400093 New Delhi, Delhi - 110001
Tax Id: 27AABCT1234F1Z5 Tax Id: 322-76-5821
GSTIN: 27AABCT1234F1Z5
ITEMS
No. Description Qty UM Net Price Net Worth VAT % Gross
Worth
1. Apple MacBook Air M2 8GB 256GB 7.00 pcs 102,933.00 720,531.00 10% 792,584.10
Silver
2. TP-Link Archer AX73 WiFi 6 Router 5.00 pcs 15,075.00 75,375.00 10% 82,912.50
3. Samsung Galaxy Tab S9 256GB 1.00 pcs 76,786.00 76,786.00 10% 84,464.60
Graphite
4. LG UltraGear 27 inch 165Hz Gaming 5.00 pcs 28,169.00 140,845.00 10% 154,929.50
Monitor
5. JBL Flip 6 Portable Bluetooth Speaker 4.00 pcs 11,692.00 46,768.00 10% 51,444.80
6. Vivo X100 Pro 256GB Asteroid Black 8.00 pcs 90,026.00 720,208.00 10% 792,228.80
SUMMARY
VAT % Net Worth VAT Gross Worth
10% 1,780,513.00 178,051.30 1,958,564.30
INR
Total INR 1,780,513.00 INR 1,958,564.30
178,051.30"
invoice_51109303.pdf,"{
  ""invoice_no"": ""51109303"",
  ""date_of_issue"": ""12/08/2023"",
  ""seller"": {
    ""name"": ""TechVision Distributors Pvt Ltd"",
    ""address"": ""Plot 14, MIDC Industrial Area, Andheri East, Mumbai, Maharashtra - 400093"",
    ""tax_id"": ""27AABCT1234F1Z5"",
    ""gstin"": ""27AABCT1234F1Z5""
  },
  ""client"": {
    ""name"": ""Mumbai Gadget House"",
    ""address"": ""78 Linking Road, Mumbai, Maharashtra - 400050"",
    ""tax_id"": ""809-21-3533""
  },
  ""items"": [
    {
      ""item_no"": ""1."",
      ""description"": ""Samsung Galaxy S24 256GB Phantom Black"",
      ""quantity"": ""6.00"",
      ""unit_measure"": ""pcs"",
      ""net_price"": ""69,613.00"",
      ""net_worth"": ""417,678.00"",
      ""vat_pct"": ""10%"",
      ""gross_worth"": ""459,445.80""
    },
    {
      ""item_no"": ""2."",
      ""description"": ""Lenovo Tab P12 Pro 256GB Storm Grey"",
      ""quantity"": ""5.00"",
      ""unit_measure"": ""pcs"",
      ""net_price"": ""43,706.00"",
      ""net_worth"": ""218,530.00"",
      ""vat_pct"": ""10%"",
      ""gross_worth"": ""240,383.00""
    },
    {
      ""item_no"": ""3."",
      ""description"": ""TP-Link Archer AX73 WiFi 6 Router"",
      ""quantity"": ""8.00"",
      ""unit_measure"": ""pcs"",
      ""net_price"": ""12,767.00"",
      ""net_worth"": ""102,136.00"",
      ""vat_pct"": ""10%"",
      ""gross_worth"": ""112,349.60""
    },
    {
      ""item_no"": ""4."",
      ""description"": ""LG UltraGear 27 inch 165Hz Gaming Monitor"",
      ""quantity"": ""7.00"",
      ""unit_measure"": ""pcs"",
      ""net_price"": ""31,213.00"",
      ""net_worth"": ""218,491.00"",
      ""vat_pct"": ""10%"",
      ""gross_worth"": ""240,340.10""
    }
  ],
  ""summary"": {
    ""vat_pct"": ""10%"",
    ""net_worth"": ""956,835.00"",
    ""vat_amount"": ""95,683.50"",
    ""gross_worth"": ""1,052,518.50"",
    ""total_net_worth"": ""INR 956,835.00"",
    ""total_vat"": ""INR 95,683.50"",
    ""total_gross_worth"": ""INR 1,052,518.50""
  }
}","Invoice no: 51109303
Date of issue: 12/08/2023
Seller: Client:
TechVision Distributors Pvt Ltd Mumbai Gadget House
Plot 14, MIDC Industrial Area, Andheri East 78 Linking Road
Mumbai, Maharashtra - 400093 Mumbai, Maharashtra - 400050
Tax Id: 27AABCT1234F1Z5 Tax Id: 809-21-3533
GSTIN: 27AABCT1234F1Z5
ITEMS
No. Description Qty UM Net Price Net Worth VAT % Gross
Worth
1. Samsung Galaxy S24 256GB Phantom 6.00 pcs 69,613.00 417,678.00 10% 459,445.80
Black
2. Lenovo Tab P12 Pro 256GB Storm Grey 5.00 pcs 43,706.00 218,530.00 10% 240,383.00
3. TP-Link Archer AX73 WiFi 6 Router 8.00 pcs 12,767.00 102,136.00 10% 112,349.60
4. LG UltraGear 27 inch 165Hz Gaming 7.00 pcs 31,213.00 218,491.00 10% 240,340.10
Monitor
SUMMARY
VAT % Net Worth VAT Gross Worth
10% 956,835.00 95,683.50 1,052,518.50
Total INR 956,835.00 INR 95,683.50 INR 1,052,518.50"
invoice_51109304.pdf,"{
  ""invoice_no"": ""51109304"",
  ""date_of_issue"": ""07/10/2023"",
  ""seller"": {
    ""name"": ""TechVision Distributors Pvt Ltd"",
    ""address"": ""Plot 14, MIDC Industrial Area, Andheri East, Mumbai, Maharashtra - 400093"",
    ""tax_id"": ""27AABCT1234F1Z5"",
    ""gstin"": ""27AABCT1234F1Z5""
  },
  ""client"": {
    ""name"": ""Chennai Digital Store"",
    ""address"": ""23 Anna Salai, Chennai, Tamil Nadu - 600002"",
    ""tax_id"": ""235-81-3906""
  },
  ""items"": [
    {
      ""item_no"": ""1."",
      ""description"": ""GoPro Hero 12 Black Action Camera"",
      ""quantity"": ""1.00"",
      ""unit_measure"": ""pcs"",
      ""net_price"": ""37,281.00"",
      ""net_worth"": ""37,281.00"",
      ""vat_pct"": ""10%"",
      ""gross_worth"": ""41,009.10""
    },
    {
      ""item_no"": ""2."",
      ""description"": ""Boat Rockerz 550 Bluetooth Headphones"",
      ""quantity"": ""4.00"",
      ""unit_measure"": ""pcs"",
      ""net_price"": ""2,422.00"",
      ""net_worth"": ""9,688.00"",
      ""vat_pct"": ""10%"",
      ""gross_worth"": ""10,656.80""
    },
    {
      ""item_no"": ""3."",
      ""description"": ""Western Digital 2TB My Passport HDD"",
      ""quantity"": ""10.00"",
      ""unit_measure"": ""pcs"",
      ""net_price"": ""6,176.00"",
      ""net_worth"": ""61,760.00"",
      ""vat_pct"": ""10%"",
      ""gross_worth"": ""67,936.00""
    },
    {
      ""item_no"": ""4."",
      ""description"": ""DJI Mini 3 Pro Fly More Combo Drone"",
      ""quantity"": ""6.00"",
      ""unit_measure"": ""pcs"",
      ""net_price"": ""106,805.00"",
      ""net_worth"": ""640,830.00"",
      ""vat_pct"": ""10%"",
      ""gross_worth"": ""704,913.00""
    },
    {
      ""item_no"": ""5."",
      ""description"": ""Samsung Galaxy Tab S9 256GB Graphite"",
      ""quantity"": ""7.00"",
      ""unit_measure"": ""pcs"",
      ""net_price"": ""70,974.00"",
      ""net_worth"": ""496,818.00"",
      ""vat_pct"": ""10%"",
      ""gross_worth"": ""546,499.80""
    },
    {
      ""item_no"": ""6."",
      ""description"": ""Vivo X100 Pro 256GB Asteroid Black"",
      ""quantity"": ""6.00"",
      ""unit_measure"": ""pcs"",
      ""net_price"": ""76,281.00"",
      ""net_worth"": ""457,686.00"",
      ""vat_pct"": ""10%"",
      ""gross_worth"": ""503,454.60""
    }
  ],
  ""summary"": {
    ""vat_pct"": ""10%"",
    ""net_worth"": ""1,704,063.00"",
    ""vat_amount"": ""170,406.30"",
    ""gross_worth"": ""1,874,469.30"",
    ""total_net_worth"": ""INR 1,704,063.00"",
    ""total_vat"": ""INR 170,406.30"",
    ""total_gross_worth"": ""INR 1,874,469.30""
  }
}","Invoice no: 51109304
Date of issue: 07/10/2023
Seller: Client:
TechVision Distributors Pvt Ltd Chennai Digital Store
Plot 14, MIDC Industrial Area, Andheri East 23 Anna Salai
Mumbai, Maharashtra - 400093 Chennai, Tamil Nadu - 600002
Tax Id: 27AABCT1234F1Z5 Tax Id: 235-81-3906
GSTIN: 27AABCT1234F1Z5
ITEMS
No. Description Qty UM Net Price Net Worth VAT % Gross
Worth
1. GoPro Hero 12 Black Action Camera 1.00 pcs 37,281.00 37,281.00 10% 41,009.10
2. Boat Rockerz 550 Bluetooth Headphones 4.00 pcs 2,422.00 9,688.00 10% 10,656.80
3. Western Digital 2TB My Passport HDD 10.00 pcs 6,176.00 61,760.00 10% 67,936.00
4. DJI Mini 3 Pro Fly More Combo Drone 6.00 pcs 106,805.00 640,830.00 10% 704,913.00
5. Samsung Galaxy Tab S9 256GB 7.00 pcs 70,974.00 496,818.00 10% 546,499.80
Graphite
6. Vivo X100 Pro 256GB Asteroid Black 6.00 pcs 76,281.00 457,686.00 10% 503,454.60
SUMMARY
VAT % Net Worth VAT Gross Worth
10% 1,704,063.00 170,406.30 1,874,469.30
INR
Total INR 1,704,063.00 INR 1,874,469.30
170,406.30"
invoice_51109305.pdf,"{
  ""invoice_no"": ""51109305"",
  ""date_of_issue"": ""09/03/2024"",
  ""seller"": {
    ""name"": ""TechVision Distributors Pvt Ltd"",
    ""address"": ""Plot 14, MIDC Industrial Area, Andheri East, Mumbai, Maharashtra - 400093"",
    ""tax_id"": ""27AABCT1234F1Z5"",
    ""gstin"": ""27AABCT1234F1Z5""
  },
  ""client"": {
    ""name"": ""Hyderabad IT Traders"",
    ""address"": ""56 Jubilee Hills, Hyderabad, Telangana - 500033"",
    ""tax_id"": ""570-19-4743""
  },
  ""items"": [
    {
      ""item_no"": ""1."",
      ""description"": ""Belkin MagSafe 3-in-1 Wireless Charger"",
      ""quantity"": ""9.00"",
      ""unit_measure"": ""pcs"",
      ""net_price"": ""8,175.00"",
      ""net_worth"": ""73,575.00"",
      ""vat_pct"": ""10%"",
      ""gross_worth"": ""80,932.50""
    },
    {
      ""item_no"": ""2."",
      ""description"": ""Sony Alpha ZV-E10 Mirrorless Kit 16-50"",
      ""quantity"": ""10.00"",
      ""unit_measure"": ""pcs"",
      ""net_price"": ""57,931.00"",
      ""net_worth"": ""579,310.00"",
      ""vat_pct"": ""10%"",
      ""gross_worth"": ""637,241.00""
    },
    {
      ""item_no"": ""3."",
      ""description"": ""Boat Rockerz 550 Bluetooth Headphones"",
      ""quantity"": ""4.00"",
      ""unit_measure"": ""pcs"",
      ""net_price"": ""1,921.00"",
      ""net_worth"": ""7,684.00"",
      ""vat_pct"": ""10%"",
      ""gross_worth"": ""8,452.40""
    },
    {
      ""item_no"": ""4."",
      ""description"": ""Western Digital 2TB My Passport HDD"",
      ""quantity"": ""9.00"",
      ""unit_measure"": ""pcs"",
      ""net_price"": ""6,432.00"",
      ""net_worth"": ""57,888.00"",
      ""vat_pct"": ""10%"",
      ""gross_worth"": ""63,676.80""
    },
    {
      ""item_no"": ""5."",
      ""description"": ""Samsung Galaxy S24 256GB Phantom Black"",
      ""quantity"": ""8.00"",
      ""unit_measure"": ""pcs"",
      ""net_price"": ""72,370.00"",
      ""net_worth"": ""578,960.00"",
      ""vat_pct"": ""10%"",
      ""gross_worth"": ""636,856.00""
    },
    {
      ""item_no"": ""6."",
      ""description"": ""Dell XPS 13 Intel i7 16GB 512GB"",
      ""quantity"": ""7.00"",
      ""unit_measure"": ""pcs"",
      ""net_price"": ""103,744.00"",
      ""net_worth"": ""726,208.00"",
      ""vat_pct"": ""10%"",
      ""gross_worth"": ""798,828.80""
    }
  ],
  ""summary"": {
    ""vat_pct"": ""10%"",
    ""net_worth"": ""2,023,625.00"",
    ""vat_amount"": ""202,362.50"",
    ""gross_worth"": ""2,225,987.50"",
    ""total_net_worth"": ""INR 2,023,625.00"",
    ""total_vat"": ""INR 202,362.50"",
    ""total_gross_worth"": ""INR 2,225,987.50""
  }
}","Invoice no: 51109305
Date of issue: 09/03/2024
Seller: Client:
TechVision Distributors Pvt Ltd Hyderabad IT Traders
Plot 14, MIDC Industrial Area, Andheri East 56 Jubilee Hills
Mumbai, Maharashtra - 400093 Hyderabad, Telangana - 500033
Tax Id: 27AABCT1234F1Z5 Tax Id: 570-19-4743
GSTIN: 27AABCT1234F1Z5
ITEMS
No. Description Qty UM Net Price Net Worth VAT % Gross
Worth
1. Belkin MagSafe 3-in-1 Wireless Charger 9.00 pcs 8,175.00 73,575.00 10% 80,932.50
2. Sony Alpha ZV-E10 Mirrorless Kit 16-50 10.00 pcs 57,931.00 579,310.00 10% 637,241.00
3. Boat Rockerz 550 Bluetooth Headphones 4.00 pcs 1,921.00 7,684.00 10% 8,452.40
4. Western Digital 2TB My Passport HDD 9.00 pcs 6,432.00 57,888.00 10% 63,676.80
5. Samsung Galaxy S24 256GB Phantom 8.00 pcs 72,370.00 578,960.00 10% 636,856.00
Black
6. Dell XPS 13 Intel i7 16GB 512GB 7.00 pcs 103,744.00 726,208.00 10% 798,828.80
SUMMARY
VAT % Net Worth VAT Gross Worth
10% 2,023,625.00 202,362.50 2,225,987.50
INR
Total INR 2,023,625.00 INR 2,225,987.50
202,362.50"
invoice_51109306.pdf,"{
  ""invoice_no"": ""51109306"",
  ""date_of_issue"": ""02/02/2024"",
  ""seller"": {
    ""name"": ""TechVision Distributors Pvt Ltd"",
    ""address"": ""Plot 14, MIDC Industrial Area, Andheri East, Mumbai, Maharashtra - 400093"",
    ""tax_id"": ""27AABCT1234F1Z5"",
    ""gstin"": ""27AABCT1234F1Z5""
  },
  ""client"": {
    ""name"": ""Kolkata Electronics Hub"",
    ""address"": ""34 Park Street, Kolkata, West Bengal - 700016"",
    ""tax_id"": ""595-39-6952""
  },
  ""items"": [
    {
      ""item_no"": ""1."",
      ""description"": ""Samsung Galaxy Watch6 Classic 47mm"",
      ""quantity"": ""7.00"",
      ""unit_measure"": ""pcs"",
      ""net_price"": ""34,304.00"",
      ""net_worth"": ""240,128.00"",
      ""vat_pct"": ""10%"",
      ""gross_worth"": ""264,140.80""
    }
  ],
  ""summary"": {
    ""vat_pct"": ""10%"",
    ""net_worth"": ""240,128.00"",
    ""vat_amount"": ""24,012.80"",
    ""gross_worth"": ""264,140.80"",
    ""total_net_worth"": ""INR 240,128.00"",
    ""total_vat"": ""INR 24,012.80"",
    ""total_gross_worth"": ""INR 264,140.80""
  }
}","Invoice no: 51109306
Date of issue: 02/02/2024
Seller: Client:
TechVision Distributors Pvt Ltd Kolkata Electronics Hub
Plot 14, MIDC Industrial Area, Andheri East 34 Park Street
Mumbai, Maharashtra - 400093 Kolkata, West Bengal - 700016
Tax Id: 27AABCT1234F1Z5 Tax Id: 595-39-6952
GSTIN: 27AABCT1234F1Z5
ITEMS
No. Description Qty UM Net Price Net Worth VAT % Gross
Worth
1. Samsung Galaxy Watch6 Classic 47mm 7.00 pcs 34,304.00 240,128.00 10% 264,140.80
SUMMARY
VAT % Net Worth VAT Gross Worth
10% 240,128.00 24,012.80 264,140.80
Total INR 240,128.00 INR 24,012.80 INR 264,140.80"
invoice_51109307.pdf,"{
  ""invoice_no"": ""51109307"",
  ""date_of_issue"": ""12/01/2024"",
  ""seller"": {
    ""name"": ""TechVision Distributors Pvt Ltd"",
    ""address"": ""Plot 14, MIDC Industrial Area, Andheri East, Mumbai, Maharashtra - 400093"",
    ""tax_id"": ""27AABCT1234F1Z5"",
    ""gstin"": ""27AABCT1234F1Z5""
  },
  ""client"": {
    ""name"": ""Jaipur Smart Devices"",
    ""address"": ""89 MI Road, Jaipur, Rajasthan - 302001"",
    ""tax_id"": ""595-20-2654""
  },
  ""items"": [
    {
      ""item_no"": ""1."",
      ""description"": ""Dell 27 inch 4K USB-C IPS Monitor"",
      ""quantity"": ""2.00"",
      ""unit_measure"": ""pcs"",
      ""net_price"": ""49,288.00"",
      ""net_worth"": ""98,576.00"",
      ""vat_pct"": ""10%"",
      ""gross_worth"": ""108,433.60""
    },
    {
      ""item_no"": ""2."",
      ""description"": ""GoPro Hero 12 Black Action Camera"",
      ""quantity"": ""9.00"",
      ""unit_measure"": ""pcs"",
      ""net_price"": ""43,272.00"",
      ""net_worth"": ""389,448.00"",
      ""vat_pct"": ""10%"",
      ""gross_worth"": ""428,392.80""
    },
    {
      ""item_no"": ""3."",
      ""description"": ""Samsung Galaxy Buds2 Pro Graphite"",
      ""quantity"": ""9.00"",
      ""unit_measure"": ""pcs"",
      ""net_price"": ""15,279.00"",
      ""net_worth"": ""137,511.00"",
      ""vat_pct"": ""10%"",
      ""gross_worth"": ""151,262.10""
    },
    {
      ""item_no"": ""4."",
      ""description"": ""Samsung T7 Shield 1TB Portable SSD"",
      ""quantity"": ""2.00"",
      ""unit_measure"": ""pcs"",
      ""net_price"": ""11,376.00"",
      ""net_worth"": ""22,752.00"",
      ""vat_pct"": ""10%"",
      ""gross_worth"": ""25,027.20""
    },
    {
      ""item_no"": ""5."",
      ""description"": ""Western Digital 2TB My Passport HDD"",
      ""quantity"": ""4.00"",
      ""unit_measure"": ""pcs"",
      ""net_price"": ""6,598.00"",
      ""net_worth"": ""26,392.00"",
      ""vat_pct"": ""10%"",
      ""gross_worth"": ""29,031.20""
    }
  ],
  ""summary"": {
    ""vat_pct"": ""10%"",
    ""net_worth"": ""674,679.00"",
    ""vat_amount"": ""67,467.90"",
    ""gross_worth"": ""742,146.90"",
    ""total_net_worth"": ""INR 674,679.00"",
    ""total_vat"": ""INR 67,467.90"",
    ""total_gross_worth"": ""INR 742,146.90""
  }
}","Invoice no: 51109307
Date of issue: 12/01/2024
Seller: Client:
TechVision Distributors Pvt Ltd Jaipur Smart Devices
Plot 14, MIDC Industrial Area, Andheri East 89 MI Road
Mumbai, Maharashtra - 400093 Jaipur, Rajasthan - 302001
Tax Id: 27AABCT1234F1Z5 Tax Id: 595-20-2654
GSTIN: 27AABCT1234F1Z5
ITEMS
No. Description Qty UM Net Price Net Worth VAT % Gross
Worth
1. Dell 27 inch 4K USB-C IPS Monitor 2.00 pcs 49,288.00 98,576.00 10% 108,433.60
2. GoPro Hero 12 Black Action Camera 9.00 pcs 43,272.00 389,448.00 10% 428,392.80
3. Samsung Galaxy Buds2 Pro Graphite 9.00 pcs 15,279.00 137,511.00 10% 151,262.10
4. Samsung T7 Shield 1TB Portable SSD 2.00 pcs 11,376.00 22,752.00 10% 25,027.20
5. Western Digital 2TB My Passport HDD 4.00 pcs 6,598.00 26,392.00 10% 29,031.20
SUMMARY
VAT % Net Worth VAT Gross Worth
10% 674,679.00 67,467.90 742,146.90
Total INR 674,679.00 INR 67,467.90 INR 742,146.90"
invoice_51109308.pdf,"{
  ""invoice_no"": ""51109308"",
  ""date_of_issue"": ""31/07/2023"",
  ""seller"": {
    ""name"": ""TechVision Distributors Pvt Ltd"",
    ""address"": ""Plot 14, MIDC Industrial Area, Andheri East, Mumbai, Maharashtra - 400093"",
    ""tax_id"": ""27AABCT1234F1Z5"",
    ""gstin"": ""27AABCT1234F1Z5""
  },
  ""client"": {
    ""name"": ""Ahmedabad Tech World"",
    ""address"": ""12 CG Road, Ahmedabad, Gujarat - 380009"",
    ""tax_id"": ""554-43-2584""
  },
  ""items"": [
    {
      ""item_no"": ""1."",
      ""description"": ""Lenovo Tab P12 Pro 256GB Storm Grey"",
      ""quantity"": ""5.00"",
      ""unit_measure"": ""pcs"",
      ""net_price"": ""39,537.00"",
      ""net_worth"": ""197,685.00"",
      ""vat_pct"": ""10%"",
      ""gross_worth"": ""217,453.50""
    },
    {
      ""item_no"": ""2."",
      ""description"": ""Belkin MagSafe 3-in-1 Wireless Charger"",
      ""quantity"": ""8.00"",
      ""unit_measure"": ""pcs"",
      ""net_price"": ""9,748.00"",
      ""net_worth"": ""77,984.00"",
      ""vat_pct"": ""10%"",
      ""gross_worth"": ""85,782.40""
    },
    {
      ""item_no"": ""3."",
      ""description"": ""Apple iPhone 15 Pro 256GB Titanium"",
      ""quantity"": ""1.00"",
      ""unit_measure"": ""pcs"",
      ""net_price"": ""117,132.00"",
      ""net_worth"": ""117,132.00"",
      ""vat_pct"": ""10%"",
      ""gross_worth"": ""128,845.20""
    },
    {
      ""item_no"": ""4."",
      ""description"": ""Samsung Galaxy Tab S9 256GB Graphite"",
      ""quantity"": ""6.00"",
      ""unit_measure"": ""pcs"",
      ""net_price"": ""81,743.00"",
      ""net_worth"": ""490,458.00"",
      ""vat_pct"": ""10%"",
      ""gross_worth"": ""539,503.80""
    }
  ],
  ""summary"": {
    ""vat_pct"": ""10%"",
    ""net_worth"": ""883,259.00"",
    ""vat_amount"": ""88,325.90"",
    ""gross_worth"": ""971,584.90"",
    ""total_net_worth"": ""INR 883,259.00"",
    ""total_vat"": ""INR 88,325.90"",
    ""total_gross_worth"": ""INR 971,584.90""
  }
}","Invoice no: 51109308
Date of issue: 31/07/2023
Seller: Client:
TechVision Distributors Pvt Ltd Ahmedabad Tech World
Plot 14, MIDC Industrial Area, Andheri East 12 CG Road
Mumbai, Maharashtra - 400093 Ahmedabad, Gujarat - 380009
Tax Id: 27AABCT1234F1Z5 Tax Id: 554-43-2584
GSTIN: 27AABCT1234F1Z5
ITEMS
No. Description Qty UM Net Price Net Worth VAT % Gross
Worth
1. Lenovo Tab P12 Pro 256GB Storm Grey 5.00 pcs 39,537.00 197,685.00 10% 217,453.50
2. Belkin MagSafe 3-in-1 Wireless Charger 8.00 pcs 9,748.00 77,984.00 10% 85,782.40
3. Apple iPhone 15 Pro 256GB Titanium 1.00 pcs 117,132.00 117,132.00 10% 128,845.20
4. Samsung Galaxy Tab S9 256GB 6.00 pcs 81,743.00 490,458.00 10% 539,503.80
Graphite
SUMMARY
VAT % Net Worth VAT Gross Worth
10% 883,259.00 88,325.90 971,584.90
Total INR 883,259.00 INR 88,325.90 INR 971,584.90"
invoice_51109309.pdf,"{
  ""invoice_no"": ""51109309"",
  ""date_of_issue"": ""15/04/2023"",
  ""seller"": {
    ""name"": ""TechVision Distributors Pvt Ltd"",
    ""address"": ""Plot 14, MIDC Industrial Area, Andheri East, Mumbai, Maharashtra - 400093"",
    ""tax_id"": ""27AABCT1234F1Z5"",
    ""gstin"": ""27AABCT1234F1Z5""
  },
  ""client"": {
    ""name"": ""Pune Gadget Zone"",
    ""address"": ""67 FC Road, Pune, Maharashtra - 411004"",
    ""tax_id"": ""405-39-5538""
  },
  ""items"": [
    {
      ""item_no"": ""1."",
      ""description"": ""Lenovo Tab P12 Pro 256GB Storm Grey"",
      ""quantity"": ""6.00"",
      ""unit_measure"": ""pcs"",
      ""net_price"": ""46,537.00"",
      ""net_worth"": ""279,222.00"",
      ""vat_pct"": ""10%"",
      ""gross_worth"": ""307,144.20""
    }
  ],
  ""summary"": {
    ""vat_pct"": ""10%"",
    ""net_worth"": ""279,222.00"",
    ""vat_amount"": ""27,922.20"",
    ""gross_worth"": ""307,144.20"",
    ""total_net_worth"": ""INR 279,222.00"",
    ""total_vat"": ""INR 27,922.20"",
    ""total_gross_worth"": ""INR 307,144.20""
  }
}","Invoice no: 51109309
Date of issue: 15/04/2023
Seller: Client:
TechVision Distributors Pvt Ltd Pune Gadget Zone
Plot 14, MIDC Industrial Area, Andheri East 67 FC Road
Mumbai, Maharashtra - 400093 Pune, Maharashtra - 411004
Tax Id: 27AABCT1234F1Z5 Tax Id: 405-39-5538
GSTIN: 27AABCT1234F1Z5
ITEMS
No. Description Qty UM Net Price Net Worth VAT % Gross
Worth
1. Lenovo Tab P12 Pro 256GB Storm Grey 6.00 pcs 46,537.00 279,222.00 10% 307,144.20
SUMMARY
VAT % Net Worth VAT Gross Worth
10% 279,222.00 27,922.20 307,144.20
Total INR 279,222.00 INR 27,922.20 INR 307,144.20"
invoice_51109310.pdf,"{
  ""invoice_no"": ""51109310"",
  ""date_of_issue"": ""03/08/2023"",
  ""seller"": {
    ""name"": ""TechVision Distributors Pvt Ltd"",
    ""address"": ""Plot 14, MIDC Industrial Area, Andheri East, Mumbai, Maharashtra - 400093"",
    ""tax_id"": ""27AABCT1234F1Z5"",
    ""gstin"": ""27AABCT1234F1Z5""
  },
  ""client"": {
    ""name"": ""Surat Digital Mall"",
    ""address"": ""45 Ring Road, Surat, Gujarat - 395002"",
    ""tax_id"": ""288-23-2383""
  },
  ""items"": [
    {
      ""item_no"": ""1."",
      ""description"": ""Logitech MX Master 3S Wireless Mouse"",
      ""quantity"": ""6.00"",
      ""unit_measure"": ""pcs"",
      ""net_price"": ""9,348.00"",
      ""net_worth"": ""56,088.00"",
      ""vat_pct"": ""10%"",
      ""gross_worth"": ""61,696.80""
    },
    {
      ""item_no"": ""2."",
      ""description"": ""LG 43 inch 4K UHD Smart WebOS TV"",
      ""quantity"": ""10.00"",
      ""unit_measure"": ""pcs"",
      ""net_price"": ""35,103.00"",
      ""net_worth"": ""351,030.00"",
      ""vat_pct"": ""10%"",
      ""gross_worth"": ""386,133.00""
    },
    {
      ""item_no"": ""3."",
      ""description"": ""Western Digital 2TB My Passport HDD"",
      ""quantity"": ""3.00"",
      ""unit_measure"": ""pcs"",
      ""net_price"": ""5,997.00"",
      ""net_worth"": ""17,991.00"",
      ""vat_pct"": ""10%"",
      ""gross_worth"": ""19,790.10""
    },
    {
      ""item_no"": ""4."",
      ""description"": ""Dell XPS 13 Intel i7 16GB 512GB"",
      ""quantity"": ""7.00"",
      ""unit_measure"": ""pcs"",
      ""net_price"": ""112,033.00"",
      ""net_worth"": ""784,231.00"",
      ""vat_pct"": ""10%"",
      ""gross_worth"": ""862,654.10""
    }
  ],
  ""summary"": {
    ""vat_pct"": ""10%"",
    ""net_worth"": ""1,209,340.00"",
    ""vat_amount"": ""120,934.00"",
    ""gross_worth"": ""1,330,274.00"",
    ""total_net_worth"": ""INR 1,209,340.00"",
    ""total_vat"": ""INR 120,934.00"",
    ""total_gross_worth"": ""INR 1,330,274.00""
  }
}","Invoice no: 51109310
Date of issue: 03/08/2023
Seller: Client:
TechVision Distributors Pvt Ltd Surat Digital Mall
Plot 14, MIDC Industrial Area, Andheri East 45 Ring Road
Mumbai, Maharashtra - 400093 Surat, Gujarat - 395002
Tax Id: 27AABCT1234F1Z5 Tax Id: 288-23-2383
GSTIN: 27AABCT1234F1Z5
ITEMS
No. Description Qty UM Net Price Net Worth VAT % Gross
Worth
1. Logitech MX Master 3S Wireless Mouse 6.00 pcs 9,348.00 56,088.00 10% 61,696.80
2. LG 43 inch 4K UHD Smart WebOS TV 10.00 pcs 35,103.00 351,030.00 10% 386,133.00
3. Western Digital 2TB My Passport HDD 3.00 pcs 5,997.00 17,991.00 10% 19,790.10
4. Dell XPS 13 Intel i7 16GB 512GB 7.00 pcs 112,033.00 784,231.00 10% 862,654.10
SUMMARY
VAT % Net Worth VAT Gross Worth
10% 1,209,340.00 120,934.00 1,330,274.00
INR
Total INR 1,209,340.00 INR 1,330,274.00
120,934.00"
invoice_51109311.pdf,"{
  ""invoice_no"": ""51109311"",
  ""date_of_issue"": ""02/05/2023"",
  ""seller"": {
    ""name"": ""TechVision Distributors Pvt Ltd"",
    ""address"": ""Plot 14, MIDC Industrial Area, Andheri East, Mumbai, Maharashtra - 400093"",
    ""tax_id"": ""27AABCT1234F1Z5"",
    ""gstin"": ""27AABCT1234F1Z5""
  },
  ""client"": {
    ""name"": ""Lucknow Electronics City"",
    ""address"": ""23 Hazratganj, Lucknow, Uttar Pradesh - 226001"",
    ""tax_id"": ""927-10-2059""
  },
  ""items"": [
    {
      ""item_no"": ""1."",
      ""description"": ""Sony Bravia 55 inch 4K OLED TV"",
      ""quantity"": ""3.00"",
      ""unit_measure"": ""pcs"",
      ""net_price"": ""108,128.00"",
      ""net_worth"": ""324,384.00"",
      ""vat_pct"": ""10%"",
      ""gross_worth"": ""356,822.40""
    }
  ],
  ""summary"": {
    ""vat_pct"": ""10%"",
    ""net_worth"": ""324,384.00"",
    ""vat_amount"": ""32,438.40"",
    ""gross_worth"": ""356,822.40"",
    ""total_net_worth"": ""INR 324,384.00"",
    ""total_vat"": ""INR 32,438.40"",
    ""total_gross_worth"": ""INR 356,822.40""
  }
}","Invoice no: 51109311
Date of issue: 02/05/2023
Seller: Client:
TechVision Distributors Pvt Ltd Lucknow Electronics City
Plot 14, MIDC Industrial Area, Andheri East 23 Hazratganj
Mumbai, Maharashtra - 400093 Lucknow, Uttar Pradesh - 226001
Tax Id: 27AABCT1234F1Z5 Tax Id: 927-10-2059
GSTIN: 27AABCT1234F1Z5
ITEMS
No. Description Qty UM Net Price Net Worth VAT % Gross
Worth
1. Sony Bravia 55 inch 4K OLED TV 3.00 pcs 108,128.00 324,384.00 10% 356,822.40
SUMMARY
VAT % Net Worth VAT Gross Worth
10% 324,384.00 32,438.40 356,822.40
Total INR 324,384.00 INR 32,438.40 INR 356,822.40"
invoice_51109312.pdf,"{
  ""invoice_no"": ""51109312"",
  ""date_of_issue"": ""07/03/2024"",
  ""seller"": {
    ""name"": ""TechVision Distributors Pvt Ltd"",
    ""address"": ""Plot 14, MIDC Industrial Area, Andheri East, Mumbai, Maharashtra - 400093"",
    ""tax_id"": ""27AABCT1234F1Z5"",
    ""gstin"": ""27AABCT1234F1Z5""
  },
  ""client"": {
    ""name"": ""Kochi Mobile Hub"",
    ""address"": ""11 MG Road, Kochi, Kerala - 682016"",
    ""tax_id"": ""135-91-7627""
  },
  ""items"": [
    {
      ""item_no"": ""1."",
      ""description"": ""Apple AirPods Pro 2nd Gen USB-C"",
      ""quantity"": ""10.00"",
      ""unit_measure"": ""pcs"",
      ""net_price"": ""21,336.00"",
      ""net_worth"": ""213,360.00"",
      ""vat_pct"": ""10%"",
      ""gross_worth"": ""234,696.00""
    },
    {
      ""item_no"": ""2."",
      ""description"": ""Samsung Galaxy Watch6 Classic 47mm"",
      ""quantity"": ""7.00"",
      ""unit_measure"": ""pcs"",
      ""net_price"": ""28,516.00"",
      ""net_worth"": ""199,612.00"",
      ""vat_pct"": ""10%"",
      ""gross_worth"": ""219,573.20""
    },
    {
      ""item_no"": ""3."",
      ""description"": ""Apple MacBook Air M2 8GB 256GB Silver"",
      ""quantity"": ""7.00"",
      ""unit_measure"": ""pcs"",
      ""net_price"": ""95,855.00"",
      ""net_worth"": ""670,985.00"",
      ""vat_pct"": ""10%"",
      ""gross_worth"": ""738,083.50""
    },
    {
      ""item_no"": ""4."",
      ""description"": ""Apple iPhone 15 128GB Black"",
      ""quantity"": ""10.00"",
      ""unit_measure"": ""pcs"",
      ""net_price"": ""66,869.00"",
      ""net_worth"": ""668,690.00"",
      ""vat_pct"": ""10%"",
      ""gross_worth"": ""735,559.00""
    },
    {
      ""item_no"": ""5."",
      ""description"": ""Samsung T7 Shield 1TB Portable SSD"",
      ""quantity"": ""8.00"",
      ""unit_measure"": ""pcs"",
      ""net_price"": ""9,403.00"",
      ""net_worth"": ""75,224.00"",
      ""vat_pct"": ""10%"",
      ""gross_worth"": ""82,746.40""
    },
    {
      ""item_no"": ""6."",
      ""description"": ""Western Digital 2TB My Passport HDD"",
      ""quantity"": ""2.00"",
      ""unit_measure"": ""pcs"",
      ""net_price"": ""5,084.00"",
      ""net_worth"": ""10,168.00"",
      ""vat_pct"": ""10%"",
      ""gross_worth"": ""11,184.80""
    },
    {
      ""item_no"": ""7."",
      ""description"": ""JBL Flip 6 Portable Bluetooth Speaker"",
      ""quantity"": ""4.00"",
      ""unit_measure"": ""pcs"",
      ""net_price"": ""8,691.00"",
      ""net_worth"": ""34,764.00"",
      ""vat_pct"": ""10%"",
      ""gross_worth"": ""38,240.40""
    }
  ],
  ""summary"": {
    ""vat_pct"": ""10%"",
    ""net_worth"": ""1,872,803.00"",
    ""vat_amount"": ""187,280.30"",
    ""gross_worth"": ""2,060,083.30"",
    ""total_net_worth"": ""INR 1,872,803.00"",
    ""total_vat"": ""INR 187,280.30"",
    ""total_gross_worth"": ""INR 2,060,083.30""
  }
}","Invoice no: 51109312
Date of issue: 07/03/2024
Seller: Client:
TechVision Distributors Pvt Ltd Kochi Mobile Hub
Plot 14, MIDC Industrial Area, Andheri East 11 MG Road
Mumbai, Maharashtra - 400093 Kochi, Kerala - 682016
Tax Id: 27AABCT1234F1Z5 Tax Id: 135-91-7627
GSTIN: 27AABCT1234F1Z5
ITEMS
No. Description Qty UM Net Price Net Worth VAT % Gross
Worth
1. Apple AirPods Pro 2nd Gen USB-C 10.00 pcs 21,336.00 213,360.00 10% 234,696.00
2. Samsung Galaxy Watch6 Classic 47mm 7.00 pcs 28,516.00 199,612.00 10% 219,573.20
3. Apple MacBook Air M2 8GB 256GB 7.00 pcs 95,855.00 670,985.00 10% 738,083.50
Silver
4. Apple iPhone 15 128GB Black 10.00 pcs 66,869.00 668,690.00 10% 735,559.00
5. Samsung T7 Shield 1TB Portable SSD 8.00 pcs 9,403.00 75,224.00 10% 82,746.40
6. Western Digital 2TB My Passport HDD 2.00 pcs 5,084.00 10,168.00 10% 11,184.80
7. JBL Flip 6 Portable Bluetooth Speaker 4.00 pcs 8,691.00 34,764.00 10% 38,240.40
SUMMARY
VAT % Net Worth VAT Gross Worth
10% 1,872,803.00 187,280.30 2,060,083.30
INR
Total INR 1,872,803.00 INR 2,060,083.30
187,280.30"
invoice_51109313.pdf,"{
  ""invoice_no"": ""51109313"",
  ""date_of_issue"": ""13/12/2023"",
  ""seller"": {
    ""name"": ""TechVision Distributors Pvt Ltd"",
    ""address"": ""Plot 14, MIDC Industrial Area, Andheri East, Mumbai, Maharashtra - 400093"",
    ""tax_id"": ""27AABCT1234F1Z5"",
    ""gstin"": ""27AABCT1234F1Z5""
  },
  ""client"": {
    ""name"": ""Bhopal Smart Tech"",
    ""address"": ""78 MP Nagar, Bhopal, Madhya Pradesh - 462011"",
    ""tax_id"": ""574-71-6635""
  },
  ""items"": [
    {
      ""item_no"": ""1."",
      ""description"": ""Keychron K8 Pro Mechanical Keyboard"",
      ""quantity"": ""6.00"",
      ""unit_measure"": ""pcs"",
      ""net_price"": ""13,958.00"",
      ""net_worth"": ""83,748.00"",
      ""vat_pct"": ""10%"",
      ""gross_worth"": ""92,122.80""
    },
    {
      ""item_no"": ""2."",
      ""description"": ""LG 43 inch 4K UHD Smart WebOS TV"",
      ""quantity"": ""6.00"",
      ""unit_measure"": ""pcs"",
      ""net_price"": ""42,382.00"",
      ""net_worth"": ""254,292.00"",
      ""vat_pct"": ""10%"",
      ""gross_worth"": ""279,721.20""
    },
    {
      ""item_no"": ""3."",
      ""description"": ""Vivo X100 Pro 256GB Asteroid Black"",
      ""quantity"": ""7.00"",
      ""unit_measure"": ""pcs"",
      ""net_price"": ""94,096.00"",
      ""net_worth"": ""658,672.00"",
      ""vat_pct"": ""10%"",
      ""gross_worth"": ""724,539.20""
    },
    {
      ""item_no"": ""4."",
      ""description"": ""Samsung Galaxy Tab S9 256GB Graphite"",
      ""quantity"": ""1.00"",
      ""unit_measure"": ""pcs"",
      ""net_price"": ""84,832.00"",
      ""net_worth"": ""84,832.00"",
      ""vat_pct"": ""10%"",
      ""gross_worth"": ""93,315.20""
    },
    {
      ""item_no"": ""5."",
      ""description"": ""Lenovo Tab P12 Pro 256GB Storm Grey"",
      ""quantity"": ""3.00"",
      ""unit_measure"": ""pcs"",
      ""net_price"": ""39,690.00"",
      ""net_worth"": ""119,070.00"",
      ""vat_pct"": ""10%"",
      ""gross_worth"": ""130,977.00""
    },
    {
      ""item_no"": ""6."",
      ""description"": ""Apple MacBook Air M2 8GB 256GB Silver"",
      ""quantity"": ""4.00"",
      ""unit_measure"": ""pcs"",
      ""net_price"": ""99,128.00"",
      ""net_worth"": ""396,512.00"",
      ""vat_pct"": ""10%"",
      ""gross_worth"": ""436,163.20""
    },
    {
      ""item_no"": ""7."",
      ""description"": ""Asus VivoBook 16 Ryzen 7 16GB 512GB"",
      ""quantity"": ""10.00"",
      ""unit_measure"": ""pcs"",
      ""net_price"": ""68,635.00"",
      ""net_worth"": ""686,350.00"",
      ""vat_pct"": ""10%"",
      ""gross_worth"": ""754,985.00""
    },
    {
      ""item_no"": ""8."",
      ""description"": ""Realme GT 5 Pro 256GB Navigator Beige"",
      ""quantity"": ""5.00"",
      ""unit_measure"": ""pcs"",
      ""net_price"": ""37,533.00"",
      ""net_worth"": ""187,665.00"",
      ""vat_pct"": ""10%"",
      ""gross_worth"": ""206,431.50""
    }
  ],
  ""summary"": {
    ""vat_pct"": ""10%"",
    ""net_worth"": ""2,471,141.00"",
    ""vat_amount"": ""247,114.10"",
    ""gross_worth"": ""2,718,255.10"",
    ""total_net_worth"": ""INR 2,471,141.00"",
    ""total_vat"": ""INR 247,114.10"",
    ""total_gross_worth"": ""INR 2,718,255.10""
  }
}","Invoice no: 51109313
Date of issue: 13/12/2023
Seller: Client:
TechVision Distributors Pvt Ltd Bhopal Smart Tech
Plot 14, MIDC Industrial Area, Andheri East 78 MP Nagar
Mumbai, Maharashtra - 400093 Bhopal, Madhya Pradesh - 462011
Tax Id: 27AABCT1234F1Z5 Tax Id: 574-71-6635
GSTIN: 27AABCT1234F1Z5
ITEMS
No. Description Qty UM Net Price Net Worth VAT % Gross
Worth
1. Keychron K8 Pro Mechanical Keyboard 6.00 pcs 13,958.00 83,748.00 10% 92,122.80
2. LG 43 inch 4K UHD Smart WebOS TV 6.00 pcs 42,382.00 254,292.00 10% 279,721.20
3. Vivo X100 Pro 256GB Asteroid Black 7.00 pcs 94,096.00 658,672.00 10% 724,539.20
4. Samsung Galaxy Tab S9 256GB 1.00 pcs 84,832.00 84,832.00 10% 93,315.20
Graphite
5. Lenovo Tab P12 Pro 256GB Storm Grey 3.00 pcs 39,690.00 119,070.00 10% 130,977.00
6. Apple MacBook Air M2 8GB 256GB 4.00 pcs 99,128.00 396,512.00 10% 436,163.20
Silver
7. Asus VivoBook 16 Ryzen 7 16GB 512GB 10.00 pcs 68,635.00 686,350.00 10% 754,985.00
8. Realme GT 5 Pro 256GB Navigator Beige 5.00 pcs 37,533.00 187,665.00 10% 206,431.50
SUMMARY
VAT % Net Worth VAT Gross Worth
10% 2,471,141.00 247,114.10 2,718,255.10
INR
Total INR 2,471,141.00 INR 2,718,255.10
247,114.10"
invoice_51109314.pdf,"{
  ""invoice_no"": ""51109314"",
  ""date_of_issue"": ""03/06/2023"",
  ""seller"": {
    ""name"": ""TechVision Distributors Pvt Ltd"",
    ""address"": ""Plot 14, MIDC Industrial Area, Andheri East, Mumbai, Maharashtra - 400093"",
    ""tax_id"": ""27AABCT1234F1Z5"",
    ""gstin"": ""27AABCT1234F1Z5""
  },
  ""client"": {
    ""name"": ""Indore Gadget Market"",
    ""address"": ""34 Vijay Nagar, Indore, Madhya Pradesh - 452010"",
    ""tax_id"": ""351-29-2557""
  },
  ""items"": [
    {
      ""item_no"": ""1."",
      ""description"": ""Garmin Fenix 7 Solar Multisport GPS"",
      ""quantity"": ""9.00"",
      ""unit_measure"": ""pcs"",
      ""net_price"": ""71,185.00"",
      ""net_worth"": ""640,665.00"",
      ""vat_pct"": ""10%"",
      ""gross_worth"": ""704,731.50""
    },
    {
      ""item_no"": ""2."",
      ""description"": ""Boat Rockerz 550 Bluetooth Headphones"",
      ""quantity"": ""10.00"",
      ""unit_measure"": ""pcs"",
      ""net_price"": ""2,848.00"",
      ""net_worth"": ""28,480.00"",
      ""vat_pct"": ""10%"",
      ""gross_worth"": ""31,328.00""
    }
  ],
  ""summary"": {
    ""vat_pct"": ""10%"",
    ""net_worth"": ""669,145.00"",
    ""vat_amount"": ""66,914.50"",
    ""gross_worth"": ""736,059.50"",
    ""total_net_worth"": ""INR 669,145.00"",
    ""total_vat"": ""INR 66,914.50"",
    ""total_gross_worth"": ""INR 736,059.50""
  }
}","Invoice no: 51109314
Date of issue: 03/06/2023
Seller: Client:
TechVision Distributors Pvt Ltd Indore Gadget Market
Plot 14, MIDC Industrial Area, Andheri East 34 Vijay Nagar
Mumbai, Maharashtra - 400093 Indore, Madhya Pradesh - 452010
Tax Id: 27AABCT1234F1Z5 Tax Id: 351-29-2557
GSTIN: 27AABCT1234F1Z5
ITEMS
No. Description Qty UM Net Price Net Worth VAT % Gross
Worth
1. Garmin Fenix 7 Solar Multisport GPS 9.00 pcs 71,185.00 640,665.00 10% 704,731.50
2. Boat Rockerz 550 Bluetooth Headphones 10.00 pcs 2,848.00 28,480.00 10% 31,328.00
SUMMARY
VAT % Net Worth VAT Gross Worth
10% 669,145.00 66,914.50 736,059.50
Total INR 669,145.00 INR 66,914.50 INR 736,059.50"
invoice_51109315.pdf,"{
  ""invoice_no"": ""51109315"",
  ""date_of_issue"": ""13/02/2024"",
  ""seller"": {
    ""name"": ""TechVision Distributors Pvt Ltd"",
    ""address"": ""Plot 14, MIDC Industrial Area, Andheri East, Mumbai, Maharashtra - 400093"",
    ""tax_id"": ""27AABCT1234F1Z5"",
    ""gstin"": ""27AABCT1234F1Z5""
  },
  ""client"": {
    ""name"": ""Nagpur Electronics Plaza"",
    ""address"": ""56 Sitabuldi Main Road, Nagpur, Maharashtra - 440012"",
    ""tax_id"": ""951-12-8555""
  },
  ""items"": [
    {
      ""item_no"": ""1."",
      ""description"": ""TP-Link Archer AX73 WiFi 6 Router"",
      ""quantity"": ""3.00"",
      ""unit_measure"": ""pcs"",
      ""net_price"": ""17,801.00"",
      ""net_worth"": ""53,403.00"",
      ""vat_pct"": ""10%"",
      ""gross_worth"": ""58,743.30""
    },
    {
      ""item_no"": ""2."",
      ""description"": ""GoPro Hero 12 Black Action Camera"",
      ""quantity"": ""4.00"",
      ""unit_measure"": ""pcs"",
      ""net_price"": ""38,779.00"",
      ""net_worth"": ""155,116.00"",
      ""vat_pct"": ""10%"",
      ""gross_worth"": ""170,627.60""
    },
    {
      ""item_no"": ""3."",
      ""description"": ""Dell XPS 13 Intel i7 16GB 512GB"",
      ""quantity"": ""3.00"",
      ""unit_measure"": ""pcs"",
      ""net_price"": ""98,992.00"",
      ""net_worth"": ""296,976.00"",
      ""vat_pct"": ""10%"",
      ""gross_worth"": ""326,673.60""
    },
    {
      ""item_no"": ""4."",
      ""description"": ""Samsung Galaxy S24 256GB Phantom Black"",
      ""quantity"": ""4.00"",
      ""unit_measure"": ""pcs"",
      ""net_price"": ""84,314.00"",
      ""net_worth"": ""337,256.00"",
      ""vat_pct"": ""10%"",
      ""gross_worth"": ""370,981.60""
    },
    {
      ""item_no"": ""5."",
      ""description"": ""Samsung Galaxy Tab S9 256GB Graphite"",
      ""quantity"": ""4.00"",
      ""unit_measure"": ""pcs"",
      ""net_price"": ""76,910.00"",
      ""net_worth"": ""307,640.00"",
      ""vat_pct"": ""10%"",
      ""gross_worth"": ""338,404.00""
    },
    {
      ""item_no"": ""6."",
      ""description"": ""Apple iPhone 15 128GB Black"",
      ""quantity"": ""2.00"",
      ""unit_measure"": ""pcs"",
      ""net_price"": ""58,489.00"",
      ""net_worth"": ""116,978.00"",
      ""vat_pct"": ""10%"",
      ""gross_worth"": ""128,675.80""
    },
    {
      ""item_no"": ""7."",
      ""description"": ""Logitech MX Master 3S Wireless Mouse"",
      ""quantity"": ""8.00"",
      ""unit_measure"": ""pcs"",
      ""net_price"": ""9,560.00"",
      ""net_worth"": ""76,480.00"",
      ""vat_pct"": ""10%"",
      ""gross_worth"": ""84,128.00""
    },
    {
      ""item_no"": ""8."",
      ""description"": ""Realme GT 5 Pro 256GB Navigator Beige"",
      ""quantity"": ""8.00"",
      ""unit_measure"": ""pcs"",
      ""net_price"": ""41,154.00"",
      ""net_worth"": ""329,232.00"",
      ""vat_pct"": ""10%"",
      ""gross_worth"": ""362,155.20""
    }
  ],
  ""summary"": {
    ""vat_pct"": ""10%"",
    ""net_worth"": ""1,673,081.00"",
    ""vat_amount"": ""167,308.10"",
    ""gross_worth"": ""1,840,389.10"",
    ""total_net_worth"": ""INR 1,673,081.00"",
    ""total_vat"": ""INR 167,308.10"",
    ""total_gross_worth"": ""INR 1,840,389.10""
  }
}","Invoice no: 51109315
Date of issue: 13/02/2024
Seller: Client:
TechVision Distributors Pvt Ltd Nagpur Electronics Plaza
Plot 14, MIDC Industrial Area, Andheri East 56 Sitabuldi Main Road
Mumbai, Maharashtra - 400093 Nagpur, Maharashtra - 440012
Tax Id: 27AABCT1234F1Z5 Tax Id: 951-12-8555
GSTIN: 27AABCT1234F1Z5
ITEMS
No. Description Qty UM Net Price Net Worth VAT % Gross
Worth
1. TP-Link Archer AX73 WiFi 6 Router 3.00 pcs 17,801.00 53,403.00 10% 58,743.30
2. GoPro Hero 12 Black Action Camera 4.00 pcs 38,779.00 155,116.00 10% 170,627.60
3. Dell XPS 13 Intel i7 16GB 512GB 3.00 pcs 98,992.00 296,976.00 10% 326,673.60
4. Samsung Galaxy S24 256GB Phantom 4.00 pcs 84,314.00 337,256.00 10% 370,981.60
Black
5. Samsung Galaxy Tab S9 256GB 4.00 pcs 76,910.00 307,640.00 10% 338,404.00
Graphite
6. Apple iPhone 15 128GB Black 2.00 pcs 58,489.00 116,978.00 10% 128,675.80
7. Logitech MX Master 3S Wireless Mouse 8.00 pcs 9,560.00 76,480.00 10% 84,128.00
8. Realme GT 5 Pro 256GB Navigator Beige 8.00 pcs 41,154.00 329,232.00 10% 362,155.20
SUMMARY
VAT % Net Worth VAT Gross Worth
10% 1,673,081.00 167,308.10 1,840,389.10
INR
Total INR 1,673,081.00 INR 1,840,389.10
167,308.10"
invoice_51109316.pdf,"{
  ""invoice_no"": ""51109316"",
  ""date_of_issue"": ""17/05/2023"",
  ""seller"": {
    ""name"": ""TechVision Distributors Pvt Ltd"",
    ""address"": ""Plot 14, MIDC Industrial Area, Andheri East, Mumbai, Maharashtra - 400093"",
    ""tax_id"": ""27AABCT1234F1Z5"",
    ""gstin"": ""27AABCT1234F1Z5""
  },
  ""client"": {
    ""name"": ""Chandigarh Tech Square"",
    ""address"": ""17 Sector 17C, Chandigarh, Punjab - 160017"",
    ""tax_id"": ""890-51-5689""
  },
  ""items"": [
    {
      ""item_no"": ""1."",
      ""description"": ""OnePlus 12 256GB Silky Black"",
      ""quantity"": ""9.00"",
      ""unit_measure"": ""pcs"",
      ""net_price"": ""59,759.00"",
      ""net_worth"": ""537,831.00"",
      ""vat_pct"": ""10%"",
      ""gross_worth"": ""591,614.10""
    },
    {
      ""item_no"": ""2."",
      ""description"": ""Apple Watch Series 9 GPS 45mm Midnight"",
      ""quantity"": ""9.00"",
      ""unit_measure"": ""pcs"",
      ""net_price"": ""48,993.00"",
      ""net_worth"": ""440,937.00"",
      ""vat_pct"": ""10%"",
      ""gross_worth"": ""485,030.70""
    }
  ],
  ""summary"": {
    ""vat_pct"": ""10%"",
    ""net_worth"": ""978,768.00"",
    ""vat_amount"": ""97,876.80"",
    ""gross_worth"": ""1,076,644.80"",
    ""total_net_worth"": ""INR 978,768.00"",
    ""total_vat"": ""INR 97,876.80"",
    ""total_gross_worth"": ""INR 1,076,644.80""
  }
}","Invoice no: 51109316
Date of issue: 17/05/2023
Seller: Client:
TechVision Distributors Pvt Ltd Chandigarh Tech Square
Plot 14, MIDC Industrial Area, Andheri East 17 Sector 17C
Mumbai, Maharashtra - 400093 Chandigarh, Punjab - 160017
Tax Id: 27AABCT1234F1Z5 Tax Id: 890-51-5689
GSTIN: 27AABCT1234F1Z5
ITEMS
No. Description Qty UM Net Price Net Worth VAT % Gross
Worth
1. OnePlus 12 256GB Silky Black 9.00 pcs 59,759.00 537,831.00 10% 591,614.10
2. Apple Watch Series 9 GPS 45mm 9.00 pcs 48,993.00 440,937.00 10% 485,030.70
Midnight
SUMMARY
VAT % Net Worth VAT Gross Worth
10% 978,768.00 97,876.80 1,076,644.80
Total INR 978,768.00 INR 97,876.80 INR 1,076,644.80"
invoice_51109317.pdf,"{
  ""invoice_no"": ""51109317"",
  ""date_of_issue"": ""18/08/2023"",
  ""seller"": {
    ""name"": ""TechVision Distributors Pvt Ltd"",
    ""address"": ""Plot 14, MIDC Industrial Area, Andheri East, Mumbai, Maharashtra - 400093"",
    ""tax_id"": ""27AABCT1234F1Z5"",
    ""gstin"": ""27AABCT1234F1Z5""
  },
  ""client"": {
    ""name"": ""Coimbatore IT Solutions"",
    ""address"": ""90 Avinashi Road, Coimbatore, Tamil Nadu - 641018"",
    ""tax_id"": ""990-90-3260""
  },
  ""items"": [
    {
      ""item_no"": ""1."",
      ""description"": ""Sony Alpha ZV-E10 Mirrorless Kit 16-50"",
      ""quantity"": ""8.00"",
      ""unit_measure"": ""pcs"",
      ""net_price"": ""64,059.00"",
      ""net_worth"": ""512,472.00"",
      ""vat_pct"": ""10%"",
      ""gross_worth"": ""563,719.20""
    },
    {
      ""item_no"": ""2."",
      ""description"": ""LG 43 inch 4K UHD Smart WebOS TV"",
      ""quantity"": ""4.00"",
      ""unit_measure"": ""pcs"",
      ""net_price"": ""53,264.00"",
      ""net_worth"": ""213,056.00"",
      ""vat_pct"": ""10%"",
      ""gross_worth"": ""234,361.60""
    },
    {
      ""item_no"": ""3."",
      ""description"": ""Dell XPS 13 Intel i7 16GB 512GB"",
      ""quantity"": ""1.00"",
      ""unit_measure"": ""pcs"",
      ""net_price"": ""117,529.00"",
      ""net_worth"": ""117,529.00"",
      ""vat_pct"": ""10%"",
      ""gross_worth"": ""129,281.90""
    },
    {
      ""item_no"": ""4."",
      ""description"": ""Samsung Galaxy Watch6 Classic 47mm"",
      ""quantity"": ""1.00"",
      ""unit_measure"": ""pcs"",
      ""net_price"": ""25,709.00"",
      ""net_worth"": ""25,709.00"",
      ""vat_pct"": ""10%"",
      ""gross_worth"": ""28,279.90""
    },
    {
      ""item_no"": ""5."",
      ""description"": ""Garmin Fenix 7 Solar Multisport GPS"",
      ""quantity"": ""4.00"",
      ""unit_measure"": ""pcs"",
      ""net_price"": ""69,933.00"",
      ""net_worth"": ""279,732.00"",
      ""vat_pct"": ""10%"",
      ""gross_worth"": ""307,705.20""
    }
  ],
  ""summary"": {
    ""vat_pct"": ""10%"",
    ""net_worth"": ""1,148,498.00"",
    ""vat_amount"": ""114,849.80"",
    ""gross_worth"": ""1,263,347.80"",
    ""total_net_worth"": ""INR 1,148,498.00"",
    ""total_vat"": ""INR 114,849.80"",
    ""total_gross_worth"": ""INR 1,263,347.80""
  }
}","Invoice no: 51109317
Date of issue: 18/08/2023
Seller: Client:
TechVision Distributors Pvt Ltd Coimbatore IT Solutions
Plot 14, MIDC Industrial Area, Andheri East 90 Avinashi Road
Mumbai, Maharashtra - 400093 Coimbatore, Tamil Nadu - 641018
Tax Id: 27AABCT1234F1Z5 Tax Id: 990-90-3260
GSTIN: 27AABCT1234F1Z5
ITEMS
No. Description Qty UM Net Price Net Worth VAT % Gross
Worth
1. Sony Alpha ZV-E10 Mirrorless Kit 16-50 8.00 pcs 64,059.00 512,472.00 10% 563,719.20
2. LG 43 inch 4K UHD Smart WebOS TV 4.00 pcs 53,264.00 213,056.00 10% 234,361.60
3. Dell XPS 13 Intel i7 16GB 512GB 1.00 pcs 117,529.00 117,529.00 10% 129,281.90
4. Samsung Galaxy Watch6 Classic 47mm 1.00 pcs 25,709.00 25,709.00 10% 28,279.90
5. Garmin Fenix 7 Solar Multisport GPS 4.00 pcs 69,933.00 279,732.00 10% 307,705.20
SUMMARY
VAT % Net Worth VAT Gross Worth
10% 1,148,498.00 114,849.80 1,263,347.80
INR
Total INR 1,148,498.00 INR 1,263,347.80
114,849.80"
invoice_51109318.pdf,"{
  ""invoice_no"": ""51109318"",
  ""date_of_issue"": ""31/03/2024"",
  ""seller"": {
    ""name"": ""TechVision Distributors Pvt Ltd"",
    ""address"": ""Plot 14, MIDC Industrial Area, Andheri East, Mumbai, Maharashtra - 400093"",
    ""tax_id"": ""27AABCT1234F1Z5"",
    ""gstin"": ""27AABCT1234F1Z5""
  },
  ""client"": {
    ""name"": ""Vadodara Digital Zone"",
    ""address"": ""25 Alkapuri Society, Vadodara, Gujarat - 390007"",
    ""tax_id"": ""486-82-1507""
  },
  ""items"": [
    {
      ""item_no"": ""1."",
      ""description"": ""Dell 27 inch 4K USB-C IPS Monitor"",
      ""quantity"": ""9.00"",
      ""unit_measure"": ""pcs"",
      ""net_price"": ""45,072.00"",
      ""net_worth"": ""405,648.00"",
      ""vat_pct"": ""10%"",
      ""gross_worth"": ""446,212.80""
    }
  ],
  ""summary"": {
    ""vat_pct"": ""10%"",
    ""net_worth"": ""405,648.00"",
    ""vat_amount"": ""40,564.80"",
    ""gross_worth"": ""446,212.80"",
    ""total_net_worth"": ""INR 405,648.00"",
    ""total_vat"": ""INR 40,564.80"",
    ""total_gross_worth"": ""INR 446,212.80""
  }
}","Invoice no: 51109318
Date of issue: 31/03/2024
Seller: Client:
TechVision Distributors Pvt Ltd Vadodara Digital Zone
Plot 14, MIDC Industrial Area, Andheri East 25 Alkapuri Society
Mumbai, Maharashtra - 400093 Vadodara, Gujarat - 390007
Tax Id: 27AABCT1234F1Z5 Tax Id: 486-82-1507
GSTIN: 27AABCT1234F1Z5
ITEMS
No. Description Qty UM Net Price Net Worth VAT % Gross
Worth
1. Dell 27 inch 4K USB-C IPS Monitor 9.00 pcs 45,072.00 405,648.00 10% 446,212.80
SUMMARY
VAT % Net Worth VAT Gross Worth
10% 405,648.00 40,564.80 446,212.80
Total INR 405,648.00 INR 40,564.80 INR 446,212.80"
invoice_51109319.pdf,"{
  ""invoice_no"": ""51109319"",
  ""date_of_issue"": ""10/03/2024"",
  ""seller"": {
    ""name"": ""TechVision Distributors Pvt Ltd"",
    ""address"": ""Plot 14, MIDC Industrial Area, Andheri East, Mumbai, Maharashtra - 400093"",
    ""tax_id"": ""27AABCT1234F1Z5"",
    ""gstin"": ""27AABCT1234F1Z5""
  },
  ""client"": {
    ""name"": ""Patna Electronics Corner"",
    ""address"": ""44 Fraser Road, Patna, Bihar - 800001"",
    ""tax_id"": ""960-72-6607""
  },
  ""items"": [
    {
      ""item_no"": ""1."",
      ""description"": ""JBL Flip 6 Portable Bluetooth Speaker"",
      ""quantity"": ""3.00"",
      ""unit_measure"": ""pcs"",
      ""net_price"": ""9,581.00"",
      ""net_worth"": ""28,743.00"",
      ""vat_pct"": ""10%"",
      ""gross_worth"": ""31,617.30""
    },
    {
      ""item_no"": ""2."",
      ""description"": ""Apple AirPods Pro 2nd Gen USB-C"",
      ""quantity"": ""2.00"",
      ""unit_measure"": ""pcs"",
      ""net_price"": ""25,319.00"",
      ""net_worth"": ""50,638.00"",
      ""vat_pct"": ""10%"",
      ""gross_worth"": ""55,701.80""
    }
  ],
  ""summary"": {
    ""vat_pct"": ""10%"",
    ""net_worth"": ""79,381.00"",
    ""vat_amount"": ""7,938.10"",
    ""gross_worth"": ""87,319.10"",
    ""total_net_worth"": ""INR 79,381.00"",
    ""total_vat"": ""INR 7,938.10"",
    ""total_gross_worth"": ""INR 87,319.10""
  }
}","Invoice no: 51109319
Date of issue: 10/03/2024
Seller: Client:
TechVision Distributors Pvt Ltd Patna Electronics Corner
Plot 14, MIDC Industrial Area, Andheri East 44 Fraser Road
Mumbai, Maharashtra - 400093 Patna, Bihar - 800001
Tax Id: 27AABCT1234F1Z5 Tax Id: 960-72-6607
GSTIN: 27AABCT1234F1Z5
ITEMS
No. Description Qty UM Net Price Net Worth VAT % Gross
Worth
1. JBL Flip 6 Portable Bluetooth Speaker 3.00 pcs 9,581.00 28,743.00 10% 31,617.30
2. Apple AirPods Pro 2nd Gen USB-C 2.00 pcs 25,319.00 50,638.00 10% 55,701.80
SUMMARY
VAT % Net Worth VAT Gross Worth
10% 79,381.00 7,938.10 87,319.10
Total INR 79,381.00 INR 7,938.10 INR 87,319.10"
invoice_51109320.pdf,"{
  ""invoice_no"": ""51109320"",
  ""date_of_issue"": ""11/12/2023"",
  ""seller"": {
    ""name"": ""TechVision Distributors Pvt Ltd"",
    ""address"": ""Plot 14, MIDC Industrial Area, Andheri East, Mumbai, Maharashtra - 400093"",
    ""tax_id"": ""27AABCT1234F1Z5"",
    ""gstin"": ""27AABCT1234F1Z5""
  },
  ""client"": {
    ""name"": ""Visakhapatnam Tech City"",
    ""address"": ""33 Dwaraka Nagar, Visakhapatnam, Andhra Pradesh - 530016"",
    ""tax_id"": ""298-67-6351""
  },
  ""items"": [
    {
      ""item_no"": ""1."",
      ""description"": ""Asus VivoBook 16 Ryzen 7 16GB 512GB"",
      ""quantity"": ""9.00"",
      ""unit_measure"": ""pcs"",
      ""net_price"": ""68,527.00"",
      ""net_worth"": ""616,743.00"",
      ""vat_pct"": ""10%"",
      ""gross_worth"": ""678,417.30""
    },
    {
      ""item_no"": ""2."",
      ""description"": ""Apple iPhone 15 128GB Black"",
      ""quantity"": ""4.00"",
      ""unit_measure"": ""pcs"",
      ""net_price"": ""78,672.00"",
      ""net_worth"": ""314,688.00"",
      ""vat_pct"": ""10%"",
      ""gross_worth"": ""346,156.80""
    },
    {
      ""item_no"": ""3."",
      ""description"": ""Garmin Fenix 7 Solar Multisport GPS"",
      ""quantity"": ""4.00"",
      ""unit_measure"": ""pcs"",
      ""net_price"": ""68,566.00"",
      ""net_worth"": ""274,264.00"",
      ""vat_pct"": ""10%"",
      ""gross_worth"": ""301,690.40""
    },
    {
      ""item_no"": ""4."",
      ""description"": ""Boat Rockerz 550 Bluetooth Headphones"",
      ""quantity"": ""5.00"",
      ""unit_measure"": ""pcs"",
      ""net_price"": ""2,142.00"",
      ""net_worth"": ""10,710.00"",
      ""vat_pct"": ""10%"",
      ""gross_worth"": ""11,781.00""
    },
    {
      ""item_no"": ""5."",
      ""description"": ""HP Pavilion 15 Ryzen 5 8GB 512GB"",
      ""quantity"": ""7.00"",
      ""unit_measure"": ""pcs"",
      ""net_price"": ""65,515.00"",
      ""net_worth"": ""458,605.00"",
      ""vat_pct"": ""10%"",
      ""gross_worth"": ""504,465.50""
    },
    {
      ""item_no"": ""6."",
      ""description"": ""Western Digital 2TB My Passport HDD"",
      ""quantity"": ""6.00"",
      ""unit_measure"": ""pcs"",
      ""net_price"": ""6,842.00"",
      ""net_worth"": ""41,052.00"",
      ""vat_pct"": ""10%"",
      ""gross_worth"": ""45,157.20""
    },
    {
      ""item_no"": ""7."",
      ""description"": ""Lenovo Tab P12 Pro 256GB Storm Grey"",
      ""quantity"": ""1.00"",
      ""unit_measure"": ""pcs"",
      ""net_price"": ""36,896.00"",
      ""net_worth"": ""36,896.00"",
      ""vat_pct"": ""10%"",
      ""gross_worth"": ""40,585.60""
    },
    {
      ""item_no"": ""8."",
      ""description"": ""Apple AirPods Pro 2nd Gen USB-C"",
      ""quantity"": ""2.00"",
      ""unit_measure"": ""pcs"",
      ""net_price"": ""27,945.00"",
      ""net_worth"": ""55,890.00"",
      ""vat_pct"": ""10%"",
      ""gross_worth"": ""61,479.00""
    }
  ],
  ""summary"": {
    ""vat_pct"": ""10%"",
    ""net_worth"": ""1,808,848.00"",
    ""vat_amount"": ""180,884.80"",
    ""gross_worth"": ""1,989,732.80"",
    ""total_net_worth"": ""INR 1,808,848.00"",
    ""total_vat"": ""INR 180,884.80"",
    ""total_gross_worth"": ""INR 1,989,732.80""
  }
}","Invoice no: 51109320
Date of issue: 11/12/2023
Seller: Client:
TechVision Distributors Pvt Ltd Visakhapatnam Tech City
Plot 14, MIDC Industrial Area, Andheri East 33 Dwaraka Nagar
Mumbai, Maharashtra - 400093 Visakhapatnam, Andhra Pradesh - 530016
Tax Id: 27AABCT1234F1Z5 Tax Id: 298-67-6351
GSTIN: 27AABCT1234F1Z5
ITEMS
No. Description Qty UM Net Price Net Worth VAT % Gross
Worth
1. Asus VivoBook 16 Ryzen 7 16GB 512GB 9.00 pcs 68,527.00 616,743.00 10% 678,417.30
2. Apple iPhone 15 128GB Black 4.00 pcs 78,672.00 314,688.00 10% 346,156.80
3. Garmin Fenix 7 Solar Multisport GPS 4.00 pcs 68,566.00 274,264.00 10% 301,690.40
4. Boat Rockerz 550 Bluetooth Headphones 5.00 pcs 2,142.00 10,710.00 10% 11,781.00
5. HP Pavilion 15 Ryzen 5 8GB 512GB 7.00 pcs 65,515.00 458,605.00 10% 504,465.50
6. Western Digital 2TB My Passport HDD 6.00 pcs 6,842.00 41,052.00 10% 45,157.20
7. Lenovo Tab P12 Pro 256GB Storm Grey 1.00 pcs 36,896.00 36,896.00 10% 40,585.60
8. Apple AirPods Pro 2nd Gen USB-C 2.00 pcs 27,945.00 55,890.00 10% 61,479.00
SUMMARY
VAT % Net Worth VAT Gross Worth
10% 1,808,848.00 180,884.80 1,989,732.80
INR
Total INR 1,808,848.00 INR 1,989,732.80
180,884.80"
invoice_51109321.pdf,"{
  ""invoice_no"": ""51109321"",
  ""date_of_issue"": ""26/07/2023"",
  ""seller"": {
    ""name"": ""TechVision Distributors Pvt Ltd"",
    ""address"": ""Plot 14, MIDC Industrial Area, Andheri East, Mumbai, Maharashtra - 400093"",
    ""tax_id"": ""27AABCT1234F1Z5"",
    ""gstin"": ""27AABCT1234F1Z5""
  },
  ""client"": {
    ""name"": ""Amritsar Gadget Gallery"",
    ""address"": ""12 Lawrence Road, Amritsar, Punjab - 143001"",
    ""tax_id"": ""378-75-9493""
  },
  ""items"": [
    {
      ""item_no"": ""1."",
      ""description"": ""Keychron K8 Pro Mechanical Keyboard"",
      ""quantity"": ""2.00"",
      ""unit_measure"": ""pcs"",
      ""net_price"": ""10,800.00"",
      ""net_worth"": ""21,600.00"",
      ""vat_pct"": ""10%"",
      ""gross_worth"": ""23,760.00""
    },
    {
      ""item_no"": ""2."",
      ""description"": ""LG UltraGear 27 inch 165Hz Gaming Monitor"",
      ""quantity"": ""6.00"",
      ""unit_measure"": ""pcs"",
      ""net_price"": ""31,457.00"",
      ""net_worth"": ""188,742.00"",
      ""vat_pct"": ""10%"",
      ""gross_worth"": ""207,616.20""
    },
    {
      ""item_no"": ""3."",
      ""description"": ""Anker 65W GaN USB-C 3-Port Charger"",
      ""quantity"": ""5.00"",
      ""unit_measure"": ""pcs"",
      ""net_price"": ""4,378.00"",
      ""net_worth"": ""21,890.00"",
      ""vat_pct"": ""10%"",
      ""gross_worth"": ""24,079.00""
    },
    {
      ""item_no"": ""4."",
      ""description"": ""Samsung Galaxy Tab S9 256GB Graphite"",
      ""quantity"": ""7.00"",
      ""unit_measure"": ""pcs"",
      ""net_price"": ""81,103.00"",
      ""net_worth"": ""567,721.00"",
      ""vat_pct"": ""10%"",
      ""gross_worth"": ""624,493.10""
    }
  ],
  ""summary"": {
    ""vat_pct"": ""10%"",
    ""net_worth"": ""799,953.00"",
    ""vat_amount"": ""79,995.30"",
    ""gross_worth"": ""879,948.30"",
    ""total_net_worth"": ""INR 799,953.00"",
    ""total_vat"": ""INR 79,995.30"",
    ""total_gross_worth"": ""INR 879,948.30""
  }
}","Invoice no: 51109321
Date of issue: 26/07/2023
Seller: Client:
TechVision Distributors Pvt Ltd Amritsar Gadget Gallery
Plot 14, MIDC Industrial Area, Andheri East 12 Lawrence Road
Mumbai, Maharashtra - 400093 Amritsar, Punjab - 143001
Tax Id: 27AABCT1234F1Z5 Tax Id: 378-75-9493
GSTIN: 27AABCT1234F1Z5
ITEMS
No. Description Qty UM Net Price Net Worth VAT % Gross
Worth
1. Keychron K8 Pro Mechanical Keyboard 2.00 pcs 10,800.00 21,600.00 10% 23,760.00
2. LG UltraGear 27 inch 165Hz Gaming 6.00 pcs 31,457.00 188,742.00 10% 207,616.20
Monitor
3. Anker 65W GaN USB-C 3-Port Charger 5.00 pcs 4,378.00 21,890.00 10% 24,079.00
4. Samsung Galaxy Tab S9 256GB 7.00 pcs 81,103.00 567,721.00 10% 624,493.10
Graphite
SUMMARY
VAT % Net Worth VAT Gross Worth
10% 799,953.00 79,995.30 879,948.30
Total INR 799,953.00 INR 79,995.30 INR 879,948.30"
invoice_51109322.pdf,"{
  ""invoice_no"": ""51109322"",
  ""date_of_issue"": ""02/05/2023"",
  ""seller"": {
    ""name"": ""TechVision Distributors Pvt Ltd"",
    ""address"": ""Plot 14, MIDC Industrial Area, Andheri East, Mumbai, Maharashtra - 400093"",
    ""tax_id"": ""27AABCT1234F1Z5"",
    ""gstin"": ""27AABCT1234F1Z5""
  },
  ""client"": {
    ""name"": ""Nashik Smart Electronics"",
    ""address"": ""67 College Road, Nashik, Maharashtra - 422005"",
    ""tax_id"": ""567-33-9149""
  },
  ""items"": [
    {
      ""item_no"": ""1."",
      ""description"": ""Vivo X100 Pro 256GB Asteroid Black"",
      ""quantity"": ""3.00"",
      ""unit_measure"": ""pcs"",
      ""net_price"": ""83,989.00"",
      ""net_worth"": ""251,967.00"",
      ""vat_pct"": ""10%"",
      ""gross_worth"": ""277,163.70""
    }
  ],
  ""summary"": {
    ""vat_pct"": ""10%"",
    ""net_worth"": ""251,967.00"",
    ""vat_amount"": ""25,196.70"",
    ""gross_worth"": ""277,163.70"",
    ""total_net_worth"": ""INR 251,967.00"",
    ""total_vat"": ""INR 25,196.70"",
    ""total_gross_worth"": ""INR 277,163.70""
  }
}","Invoice no: 51109322
Date of issue: 02/05/2023
Seller: Client:
TechVision Distributors Pvt Ltd Nashik Smart Electronics
Plot 14, MIDC Industrial Area, Andheri East 67 College Road
Mumbai, Maharashtra - 400093 Nashik, Maharashtra - 422005
Tax Id: 27AABCT1234F1Z5 Tax Id: 567-33-9149
GSTIN: 27AABCT1234F1Z5
ITEMS
No. Description Qty UM Net Price Net Worth VAT % Gross
Worth
1. Vivo X100 Pro 256GB Asteroid Black 3.00 pcs 83,989.00 251,967.00 10% 277,163.70
SUMMARY
VAT % Net Worth VAT Gross Worth
10% 251,967.00 25,196.70 277,163.70
Total INR 251,967.00 INR 25,196.70 INR 277,163.70"
invoice_51109323.pdf,"{
  ""invoice_no"": ""51109323"",
  ""date_of_issue"": ""02/04/2024"",
  ""seller"": {
    ""name"": ""TechVision Distributors Pvt Ltd"",
    ""address"": ""Plot 14, MIDC Industrial Area, Andheri East, Mumbai, Maharashtra - 400093"",
    ""tax_id"": ""27AABCT1234F1Z5"",
    ""gstin"": ""27AABCT1234F1Z5""
  },
  ""client"": {
    ""name"": ""Meerut Tech Market"",
    ""address"": ""89 Begum Bridge Road, Meerut, Uttar Pradesh - 250001"",
    ""tax_id"": ""638-26-2155""
  },
  ""items"": [
    {
      ""item_no"": ""1."",
      ""description"": ""LG 43 inch 4K UHD Smart WebOS TV"",
      ""quantity"": ""2.00"",
      ""unit_measure"": ""pcs"",
      ""net_price"": ""41,210.00"",
      ""net_worth"": ""82,420.00"",
      ""vat_pct"": ""10%"",
      ""gross_worth"": ""90,662.00""
    },
    {
      ""item_no"": ""2."",
      ""description"": ""Apple MacBook Air M2 8GB 256GB Silver"",
      ""quantity"": ""1.00"",
      ""unit_measure"": ""pcs"",
      ""net_price"": ""99,586.00"",
      ""net_worth"": ""99,586.00"",
      ""vat_pct"": ""10%"",
      ""gross_worth"": ""109,544.60""
    },
    {
      ""item_no"": ""3."",
      ""description"": ""LG UltraGear 27 inch 165Hz Gaming Monitor"",
      ""quantity"": ""1.00"",
      ""unit_measure"": ""pcs"",
      ""net_price"": ""32,578.00"",
      ""net_worth"": ""32,578.00"",
      ""vat_pct"": ""10%"",
      ""gross_worth"": ""35,835.80""
    },
    {
      ""item_no"": ""4."",
      ""description"": ""Lenovo IdeaPad Slim 5 i5 16GB 512GB"",
      ""quantity"": ""5.00"",
      ""unit_measure"": ""pcs"",
      ""net_price"": ""79,108.00"",
      ""net_worth"": ""395,540.00"",
      ""vat_pct"": ""10%"",
      ""gross_worth"": ""435,094.00""
    }
  ],
  ""summary"": {
    ""vat_pct"": ""10%"",
    ""net_worth"": ""610,124.00"",
    ""vat_amount"": ""61,012.40"",
    ""gross_worth"": ""671,136.40"",
    ""total_net_worth"": ""INR 610,124.00"",
    ""total_vat"": ""INR 61,012.40"",
    ""total_gross_worth"": ""INR 671,136.40""
  }
}","Invoice no: 51109323
Date of issue: 02/04/2024
Seller: Client:
TechVision Distributors Pvt Ltd Meerut Tech Market
Plot 14, MIDC Industrial Area, Andheri East 89 Begum Bridge Road
Mumbai, Maharashtra - 400093 Meerut, Uttar Pradesh - 250001
Tax Id: 27AABCT1234F1Z5 Tax Id: 638-26-2155
GSTIN: 27AABCT1234F1Z5
ITEMS
No. Description Qty UM Net Price Net Worth VAT % Gross
Worth
1. LG 43 inch 4K UHD Smart WebOS TV 2.00 pcs 41,210.00 82,420.00 10% 90,662.00
2. Apple MacBook Air M2 8GB 256GB 1.00 pcs 99,586.00 99,586.00 10% 109,544.60
Silver
3. LG UltraGear 27 inch 165Hz Gaming 1.00 pcs 32,578.00 32,578.00 10% 35,835.80
Monitor
4. Lenovo IdeaPad Slim 5 i5 16GB 512GB 5.00 pcs 79,108.00 395,540.00 10% 435,094.00
SUMMARY
VAT % Net Worth VAT Gross Worth
10% 610,124.00 61,012.40 671,136.40
Total INR 610,124.00 INR 61,012.40 INR 671,136.40"
invoice_51109324.pdf,"{
  ""invoice_no"": ""51109324"",
  ""date_of_issue"": ""07/01/2024"",
  ""seller"": {
    ""name"": ""TechVision Distributors Pvt Ltd"",
    ""address"": ""Plot 14, MIDC Industrial Area, Andheri East, Mumbai, Maharashtra - 400093"",
    ""tax_id"": ""27AABCT1234F1Z5"",
    ""gstin"": ""27AABCT1234F1Z5""
  },
  ""client"": {
    ""name"": ""Agra Electronics Store"",
    ""address"": ""56 Fatehabad Road, Agra, Uttar Pradesh - 282001"",
    ""tax_id"": ""667-46-8511""
  },
  ""items"": [
    {
      ""item_no"": ""1."",
      ""description"": ""Apple Watch Series 9 GPS 45mm Midnight"",
      ""quantity"": ""8.00"",
      ""unit_measure"": ""pcs"",
      ""net_price"": ""50,006.00"",
      ""net_worth"": ""400,048.00"",
      ""vat_pct"": ""10%"",
      ""gross_worth"": ""440,052.80""
    },
    {
      ""item_no"": ""2."",
      ""description"": ""Samsung T7 Shield 1TB Portable SSD"",
      ""quantity"": ""3.00"",
      ""unit_measure"": ""pcs"",
      ""net_price"": ""10,489.00"",
      ""net_worth"": ""31,467.00"",
      ""vat_pct"": ""10%"",
      ""gross_worth"": ""34,613.70""
    },
    {
      ""item_no"": ""3."",
      ""description"": ""Dell XPS 13 Intel i7 16GB 512GB"",
      ""quantity"": ""4.00"",
      ""unit_measure"": ""pcs"",
      ""net_price"": ""109,629.00"",
      ""net_worth"": ""438,516.00"",
      ""vat_pct"": ""10%"",
      ""gross_worth"": ""482,367.60""
    },
    {
      ""item_no"": ""4."",
      ""description"": ""GoPro Hero 12 Black Action Camera"",
      ""quantity"": ""5.00"",
      ""unit_measure"": ""pcs"",
      ""net_price"": ""35,557.00"",
      ""net_worth"": ""177,785.00"",
      ""vat_pct"": ""10%"",
      ""gross_worth"": ""195,563.50""
    }
  ],
  ""summary"": {
    ""vat_pct"": ""10%"",
    ""net_worth"": ""1,047,816.00"",
    ""vat_amount"": ""104,781.60"",
    ""gross_worth"": ""1,152,597.60"",
    ""total_net_worth"": ""INR 1,047,816.00"",
    ""total_vat"": ""INR 104,781.60"",
    ""total_gross_worth"": ""INR 1,152,597.60""
  }
}","Invoice no: 51109324
Date of issue: 07/01/2024
Seller: Client:
TechVision Distributors Pvt Ltd Agra Electronics Store
Plot 14, MIDC Industrial Area, Andheri East 56 Fatehabad Road
Mumbai, Maharashtra - 400093 Agra, Uttar Pradesh - 282001
Tax Id: 27AABCT1234F1Z5 Tax Id: 667-46-8511
GSTIN: 27AABCT1234F1Z5
ITEMS
No. Description Qty UM Net Price Net Worth VAT % Gross
Worth
1. Apple Watch Series 9 GPS 45mm 8.00 pcs 50,006.00 400,048.00 10% 440,052.80
Midnight
2. Samsung T7 Shield 1TB Portable SSD 3.00 pcs 10,489.00 31,467.00 10% 34,613.70
3. Dell XPS 13 Intel i7 16GB 512GB 4.00 pcs 109,629.00 438,516.00 10% 482,367.60
4. GoPro Hero 12 Black Action Camera 5.00 pcs 35,557.00 177,785.00 10% 195,563.50
SUMMARY
VAT % Net Worth VAT Gross Worth
10% 1,047,816.00 104,781.60 1,152,597.60
INR
Total INR 1,047,816.00 INR 1,152,597.60
104,781.60"
invoice_51109325.pdf,"{
  ""invoice_no"": ""51109325"",
  ""date_of_issue"": ""19/11/2023"",
  ""seller"": {
    ""name"": ""TechVision Distributors Pvt Ltd"",
    ""address"": ""Plot 14, MIDC Industrial Area, Andheri East, Mumbai, Maharashtra - 400093"",
    ""tax_id"": ""27AABCT1234F1Z5"",
    ""gstin"": ""27AABCT1234F1Z5""
  },
  ""client"": {
    ""name"": ""Rajkot Mobile World"",
    ""address"": ""23 Kalawad Road, Rajkot, Gujarat - 360005"",
    ""tax_id"": ""641-62-9990""
  },
  ""items"": [
    {
      ""item_no"": ""1."",
      ""description"": ""HP Pavilion 15 Ryzen 5 8GB 512GB"",
      ""quantity"": ""10.00"",
      ""unit_measure"": ""pcs"",
      ""net_price"": ""63,101.00"",
      ""net_worth"": ""631,010.00"",
      ""vat_pct"": ""10%"",
      ""gross_worth"": ""694,111.00""
    },
    {
      ""item_no"": ""2."",
      ""description"": ""GoPro Hero 12 Black Action Camera"",
      ""quantity"": ""9.00"",
      ""unit_measure"": ""pcs"",
      ""net_price"": ""38,686.00"",
      ""net_worth"": ""348,174.00"",
      ""vat_pct"": ""10%"",
      ""gross_worth"": ""382,991.40""
    },
    {
      ""item_no"": ""3."",
      ""description"": ""Sony WH-1000XM5 Wireless Headphones"",
      ""quantity"": ""6.00"",
      ""unit_measure"": ""pcs"",
      ""net_price"": ""32,890.00"",
      ""net_worth"": ""197,340.00"",
      ""vat_pct"": ""10%"",
      ""gross_worth"": ""217,074.00""
    },
    {
      ""item_no"": ""4."",
      ""description"": ""Lenovo IdeaPad Slim 5 i5 16GB 512GB"",
      ""quantity"": ""2.00"",
      ""unit_measure"": ""pcs"",
      ""net_price"": ""66,370.00"",
      ""net_worth"": ""132,740.00"",
      ""vat_pct"": ""10%"",
      ""gross_worth"": ""146,014.00""
    },
    {
      ""item_no"": ""5."",
      ""description"": ""Western Digital 2TB My Passport HDD"",
      ""quantity"": ""4.00"",
      ""unit_measure"": ""pcs"",
      ""net_price"": ""6,326.00"",
      ""net_worth"": ""25,304.00"",
      ""vat_pct"": ""10%"",
      ""gross_worth"": ""27,834.40""
    },
    {
      ""item_no"": ""6."",
      ""description"": ""Dell 27 inch 4K USB-C IPS Monitor"",
      ""quantity"": ""10.00"",
      ""unit_measure"": ""pcs"",
      ""net_price"": ""44,323.00"",
      ""net_worth"": ""443,230.00"",
      ""vat_pct"": ""10%"",
      ""gross_worth"": ""487,553.00""
    },
    {
      ""item_no"": ""7."",
      ""description"": ""Samsung T7 Shield 1TB Portable SSD"",
      ""quantity"": ""3.00"",
      ""unit_measure"": ""pcs"",
      ""net_price"": ""11,794.00"",
      ""net_worth"": ""35,382.00"",
      ""vat_pct"": ""10%"",
      ""gross_worth"": ""38,920.20""
    },
    {
      ""item_no"": ""8."",
      ""description"": ""LG 43 inch 4K UHD Smart WebOS TV"",
      ""quantity"": ""7.00"",
      ""unit_measure"": ""pcs"",
      ""net_price"": ""52,309.00"",
      ""net_worth"": ""366,163.00"",
      ""vat_pct"": ""10%"",
      ""gross_worth"": ""402,779.30""
    }
  ],
  ""summary"": {
    ""vat_pct"": ""10%"",
    ""net_worth"": ""2,179,343.00"",
    ""vat_amount"": ""217,934.30"",
    ""gross_worth"": ""2,397,277.30"",
    ""total_net_worth"": ""INR 2,179,343.00"",
    ""total_vat"": ""INR 217,934.30"",
    ""total_gross_worth"": ""INR 2,397,277.30""
  }
}","Invoice no: 51109325
Date of issue: 19/11/2023
Seller: Client:
TechVision Distributors Pvt Ltd Rajkot Mobile World
Plot 14, MIDC Industrial Area, Andheri East 23 Kalawad Road
Mumbai, Maharashtra - 400093 Rajkot, Gujarat - 360005
Tax Id: 27AABCT1234F1Z5 Tax Id: 641-62-9990
GSTIN: 27AABCT1234F1Z5
ITEMS
No. Description Qty UM Net Price Net Worth VAT % Gross
Worth
1. HP Pavilion 15 Ryzen 5 8GB 512GB 10.00 pcs 63,101.00 631,010.00 10% 694,111.00
2. GoPro Hero 12 Black Action Camera 9.00 pcs 38,686.00 348,174.00 10% 382,991.40
3. Sony WH-1000XM5 Wireless 6.00 pcs 32,890.00 197,340.00 10% 217,074.00
Headphones
4. Lenovo IdeaPad Slim 5 i5 16GB 512GB 2.00 pcs 66,370.00 132,740.00 10% 146,014.00
5. Western Digital 2TB My Passport HDD 4.00 pcs 6,326.00 25,304.00 10% 27,834.40
6. Dell 27 inch 4K USB-C IPS Monitor 10.00 pcs 44,323.00 443,230.00 10% 487,553.00
7. Samsung T7 Shield 1TB Portable SSD 3.00 pcs 11,794.00 35,382.00 10% 38,920.20
8. LG 43 inch 4K UHD Smart WebOS TV 7.00 pcs 52,309.00 366,163.00 10% 402,779.30
SUMMARY
VAT % Net Worth VAT Gross Worth
10% 2,179,343.00 217,934.30 2,397,277.30
INR
Total INR 2,179,343.00 INR 2,397,277.30
217,934.30"
invoice_51109326.pdf,"{
  ""invoice_no"": ""51109326"",
  ""date_of_issue"": ""25/02/2024"",
  ""seller"": {
    ""name"": ""TechVision Distributors Pvt Ltd"",
    ""address"": ""Plot 14, MIDC Industrial Area, Andheri East, Mumbai, Maharashtra - 400093"",
    ""tax_id"": ""27AABCT1234F1Z5"",
    ""gstin"": ""27AABCT1234F1Z5""
  },
  ""client"": {
    ""name"": ""Madurai Digital Hub"",
    ""address"": ""78 Bypass Road, Madurai, Tamil Nadu - 625010"",
    ""tax_id"": ""295-65-7267""
  },
  ""items"": [
    {
      ""item_no"": ""1."",
      ""description"": ""JBL Flip 6 Portable Bluetooth Speaker"",
      ""quantity"": ""10.00"",
      ""unit_measure"": ""pcs"",
      ""net_price"": ""11,975.00"",
      ""net_worth"": ""119,750.00"",
      ""vat_pct"": ""10%"",
      ""gross_worth"": ""131,725.00""
    }
  ],
  ""summary"": {
    ""vat_pct"": ""10%"",
    ""net_worth"": ""119,750.00"",
    ""vat_amount"": ""11,975.00"",
    ""gross_worth"": ""131,725.00"",
    ""total_net_worth"": ""INR 119,750.00"",
    ""total_vat"": ""INR 11,975.00"",
    ""total_gross_worth"": ""INR 131,725.00""
  }
}","Invoice no: 51109326
Date of issue: 25/02/2024
Seller: Client:
TechVision Distributors Pvt Ltd Madurai Digital Hub
Plot 14, MIDC Industrial Area, Andheri East 78 Bypass Road
Mumbai, Maharashtra - 400093 Madurai, Tamil Nadu - 625010
Tax Id: 27AABCT1234F1Z5 Tax Id: 295-65-7267
GSTIN: 27AABCT1234F1Z5
ITEMS
No. Description Qty UM Net Price Net Worth VAT % Gross
Worth
1. JBL Flip 6 Portable Bluetooth Speaker 10.00 pcs 11,975.00 119,750.00 10% 131,725.00
SUMMARY
VAT % Net Worth VAT Gross Worth
10% 119,750.00 11,975.00 131,725.00
Total INR 119,750.00 INR 11,975.00 INR 131,725.00"
invoice_51109327.pdf,"{
  ""invoice_no"": ""51109327"",
  ""date_of_issue"": ""10/09/2023"",
  ""seller"": {
    ""name"": ""TechVision Distributors Pvt Ltd"",
    ""address"": ""Plot 14, MIDC Industrial Area, Andheri East, Mumbai, Maharashtra - 400093"",
    ""tax_id"": ""27AABCT1234F1Z5"",
    ""gstin"": ""27AABCT1234F1Z5""
  },
  ""client"": {
    ""name"": ""Ranchi Gadget Point"",
    ""address"": ""34 Main Road Lalpur, Ranchi, Jharkhand - 834001"",
    ""tax_id"": ""523-44-7708""
  },
  ""items"": [
    {
      ""item_no"": ""1."",
      ""description"": ""Canon EOS R50 Mirrorless Camera Body"",
      ""quantity"": ""4.00"",
      ""unit_measure"": ""pcs"",
      ""net_price"": ""72,698.00"",
      ""net_worth"": ""290,792.00"",
      ""vat_pct"": ""10%"",
      ""gross_worth"": ""319,871.20""
    },
    {
      ""item_no"": ""2."",
      ""description"": ""Philips Hue White Ambiance Starter Kit"",
      ""quantity"": ""10.00"",
      ""unit_measure"": ""pcs"",
      ""net_price"": ""6,277.00"",
      ""net_worth"": ""62,770.00"",
      ""vat_pct"": ""10%"",
      ""gross_worth"": ""69,047.00""
    },
    {
      ""item_no"": ""3."",
      ""description"": ""Sony WH-1000XM5 Wireless Headphones"",
      ""quantity"": ""2.00"",
      ""unit_measure"": ""pcs"",
      ""net_price"": ""34,126.00"",
      ""net_worth"": ""68,252.00"",
      ""vat_pct"": ""10%"",
      ""gross_worth"": ""75,077.20""
    },
    {
      ""item_no"": ""4."",
      ""description"": ""JBL Flip 6 Portable Bluetooth Speaker"",
      ""quantity"": ""5.00"",
      ""unit_measure"": ""pcs"",
      ""net_price"": ""8,554.00"",
      ""net_worth"": ""42,770.00"",
      ""vat_pct"": ""10%"",
      ""gross_worth"": ""47,047.00""
    },
    {
      ""item_no"": ""5."",
      ""description"": ""Garmin Fenix 7 Solar Multisport GPS"",
      ""quantity"": ""1.00"",
      ""unit_measure"": ""pcs"",
      ""net_price"": ""69,170.00"",
      ""net_worth"": ""69,170.00"",
      ""vat_pct"": ""10%"",
      ""gross_worth"": ""76,087.00""
    }
  ],
  ""summary"": {
    ""vat_pct"": ""10%"",
    ""net_worth"": ""533,754.00"",
    ""vat_amount"": ""53,375.40"",
    ""gross_worth"": ""587,129.40"",
    ""total_net_worth"": ""INR 533,754.00"",
    ""total_vat"": ""INR 53,375.40"",
    ""total_gross_worth"": ""INR 587,129.40""
  }
}","Invoice no: 51109327
Date of issue: 10/09/2023
Seller: Client:
TechVision Distributors Pvt Ltd Ranchi Gadget Point
Plot 14, MIDC Industrial Area, Andheri East 34 Main Road Lalpur
Mumbai, Maharashtra - 400093 Ranchi, Jharkhand - 834001
Tax Id: 27AABCT1234F1Z5 Tax Id: 523-44-7708
GSTIN: 27AABCT1234F1Z5
ITEMS
No. Description Qty UM Net Price Net Worth VAT % Gross
Worth
1. Canon EOS R50 Mirrorless Camera Body 4.00 pcs 72,698.00 290,792.00 10% 319,871.20
2. Philips Hue White Ambiance Starter Kit 10.00 pcs 6,277.00 62,770.00 10% 69,047.00
3. Sony WH-1000XM5 Wireless 2.00 pcs 34,126.00 68,252.00 10% 75,077.20
Headphones
4. JBL Flip 6 Portable Bluetooth Speaker 5.00 pcs 8,554.00 42,770.00 10% 47,047.00
5. Garmin Fenix 7 Solar Multisport GPS 1.00 pcs 69,170.00 69,170.00 10% 76,087.00
SUMMARY
VAT % Net Worth VAT Gross Worth
10% 533,754.00 53,375.40 587,129.40
Total INR 533,754.00 INR 53,375.40 INR 587,129.40"
invoice_51109328.pdf,"{
  ""invoice_no"": ""51109328"",
  ""date_of_issue"": ""09/10/2023"",
  ""seller"": {
    ""name"": ""TechVision Distributors Pvt Ltd"",
    ""address"": ""Plot 14, MIDC Industrial Area, Andheri East, Mumbai, Maharashtra - 400093"",
    ""tax_id"": ""27AABCT1234F1Z5"",
    ""gstin"": ""27AABCT1234F1Z5""
  },
  ""client"": {
    ""name"": ""Guwahati Electronics City"",
    ""address"": ""11 GS Road Ulubari, Guwahati, Assam - 781005"",
    ""tax_id"": ""306-52-6443""
  },
  ""items"": [
    {
      ""item_no"": ""1."",
      ""description"": ""LG UltraGear 27 inch 165Hz Gaming Monitor"",
      ""quantity"": ""1.00"",
      ""unit_measure"": ""pcs"",
      ""net_price"": ""29,525.00"",
      ""net_worth"": ""29,525.00"",
      ""vat_pct"": ""10%"",
      ""gross_worth"": ""32,477.50""
    },
    {
      ""item_no"": ""2."",
      ""description"": ""Sony WH-1000XM5 Wireless Headphones"",
      ""quantity"": ""2.00"",
      ""unit_measure"": ""pcs"",
      ""net_price"": ""27,341.00"",
      ""net_worth"": ""54,682.00"",
      ""vat_pct"": ""10%"",
      ""gross_worth"": ""60,150.20""
    },
    {
      ""item_no"": ""3."",
      ""description"": ""Garmin Fenix 7 Solar Multisport GPS"",
      ""quantity"": ""3.00"",
      ""unit_measure"": ""pcs"",
      ""net_price"": ""74,977.00"",
      ""net_worth"": ""224,931.00"",
      ""vat_pct"": ""10%"",
      ""gross_worth"": ""247,424.10""
    },
    {
      ""item_no"": ""4."",
      ""description"": ""Dell XPS 13 Intel i7 16GB 512GB"",
      ""quantity"": ""1.00"",
      ""unit_measure"": ""pcs"",
      ""net_price"": ""108,228.00"",
      ""net_worth"": ""108,228.00"",
      ""vat_pct"": ""10%"",
      ""gross_worth"": ""119,050.80""
    },
    {
      ""item_no"": ""5."",
      ""description"": ""Sony Alpha ZV-E10 Mirrorless Kit 16-50"",
      ""quantity"": ""3.00"",
      ""unit_measure"": ""pcs"",
      ""net_price"": ""59,024.00"",
      ""net_worth"": ""177,072.00"",
      ""vat_pct"": ""10%"",
      ""gross_worth"": ""194,779.20""
    },
    {
      ""item_no"": ""6."",
      ""description"": ""Lenovo Tab P12 Pro 256GB Storm Grey"",
      ""quantity"": ""3.00"",
      ""unit_measure"": ""pcs"",
      ""net_price"": ""44,789.00"",
      ""net_worth"": ""134,367.00"",
      ""vat_pct"": ""10%"",
      ""gross_worth"": ""147,803.70""
    }
  ],
  ""summary"": {
    ""vat_pct"": ""10%"",
    ""net_worth"": ""728,805.00"",
    ""vat_amount"": ""72,880.50"",
    ""gross_worth"": ""801,685.50"",
    ""total_net_worth"": ""INR 728,805.00"",
    ""total_vat"": ""INR 72,880.50"",
    ""total_gross_worth"": ""INR 801,685.50""
  }
}","Invoice no: 51109328
Date of issue: 09/10/2023
Seller: Client:
TechVision Distributors Pvt Ltd Guwahati Electronics City
Plot 14, MIDC Industrial Area, Andheri East 11 GS Road Ulubari
Mumbai, Maharashtra - 400093 Guwahati, Assam - 781005
Tax Id: 27AABCT1234F1Z5 Tax Id: 306-52-6443
GSTIN: 27AABCT1234F1Z5
ITEMS
No. Description Qty UM Net Price Net Worth VAT % Gross
Worth
1. LG UltraGear 27 inch 165Hz Gaming 1.00 pcs 29,525.00 29,525.00 10% 32,477.50
Monitor
2. Sony WH-1000XM5 Wireless 2.00 pcs 27,341.00 54,682.00 10% 60,150.20
Headphones
3. Garmin Fenix 7 Solar Multisport GPS 3.00 pcs 74,977.00 224,931.00 10% 247,424.10
4. Dell XPS 13 Intel i7 16GB 512GB 1.00 pcs 108,228.00 108,228.00 10% 119,050.80
5. Sony Alpha ZV-E10 Mirrorless Kit 16-50 3.00 pcs 59,024.00 177,072.00 10% 194,779.20
6. Lenovo Tab P12 Pro 256GB Storm Grey 3.00 pcs 44,789.00 134,367.00 10% 147,803.70
SUMMARY
VAT % Net Worth VAT Gross Worth
10% 728,805.00 72,880.50 801,685.50
Total INR 728,805.00 INR 72,880.50 INR 801,685.50"
invoice_51109329.pdf,"{
  ""invoice_no"": ""51109329"",
  ""date_of_issue"": ""08/11/2023"",
  ""seller"": {
    ""name"": ""TechVision Distributors Pvt Ltd"",
    ""address"": ""Plot 14, MIDC Industrial Area, Andheri East, Mumbai, Maharashtra - 400093"",
    ""tax_id"": ""27AABCT1234F1Z5"",
    ""gstin"": ""27AABCT1234F1Z5""
  },
  ""client"": {
    ""name"": ""Dehradun Tech Store"",
    ""address"": ""45 Rajpur Road, Dehradun, Uttarakhand - 248001"",
    ""tax_id"": ""738-80-6463""
  },
  ""items"": [
    {
      ""item_no"": ""1."",
      ""description"": ""Western Digital 2TB My Passport HDD"",
      ""quantity"": ""7.00"",
      ""unit_measure"": ""pcs"",
      ""net_price"": ""6,428.00"",
      ""net_worth"": ""44,996.00"",
      ""vat_pct"": ""10%"",
      ""gross_worth"": ""49,495.60""
    },
    {
      ""item_no"": ""2."",
      ""description"": ""Sony Alpha ZV-E10 Mirrorless Kit 16-50"",
      ""quantity"": ""1.00"",
      ""unit_measure"": ""pcs"",
      ""net_price"": ""58,266.00"",
      ""net_worth"": ""58,266.00"",
      ""vat_pct"": ""10%"",
      ""gross_worth"": ""64,092.60""
    },
    {
      ""item_no"": ""3."",
      ""description"": ""JBL Flip 6 Portable Bluetooth Speaker"",
      ""quantity"": ""5.00"",
      ""unit_measure"": ""pcs"",
      ""net_price"": ""11,557.00"",
      ""net_worth"": ""57,785.00"",
      ""vat_pct"": ""10%"",
      ""gross_worth"": ""63,563.50""
    },
    {
      ""item_no"": ""4."",
      ""description"": ""Dell 27 inch 4K USB-C IPS Monitor"",
      ""quantity"": ""7.00"",
      ""unit_measure"": ""pcs"",
      ""net_price"": ""45,372.00"",
      ""net_worth"": ""317,604.00"",
      ""vat_pct"": ""10%"",
      ""gross_worth"": ""349,364.40""
    },
    {
      ""item_no"": ""5."",
      ""description"": ""Samsung 65 inch QLED 4K Smart TV"",
      ""quantity"": ""7.00"",
      ""unit_measure"": ""pcs"",
      ""net_price"": ""113,255.00"",
      ""net_worth"": ""792,785.00"",
      ""vat_pct"": ""10%"",
      ""gross_worth"": ""872,063.50""
    },
    {
      ""item_no"": ""6."",
      ""description"": ""Apple AirPods Pro 2nd Gen USB-C"",
      ""quantity"": ""8.00"",
      ""unit_measure"": ""pcs"",
      ""net_price"": ""20,103.00"",
      ""net_worth"": ""160,824.00"",
      ""vat_pct"": ""10%"",
      ""gross_worth"": ""176,906.40""
    },
    {
      ""item_no"": ""7."",
      ""description"": ""Belkin MagSafe 3-in-1 Wireless Charger"",
      ""quantity"": ""3.00"",
      ""unit_measure"": ""pcs"",
      ""net_price"": ""7,212.00"",
      ""net_worth"": ""21,636.00"",
      ""vat_pct"": ""10%"",
      ""gross_worth"": ""23,799.60""
    }
  ],
  ""summary"": {
    ""vat_pct"": ""10%"",
    ""net_worth"": ""1,453,896.00"",
    ""vat_amount"": ""145,389.60"",
    ""gross_worth"": ""1,599,285.60"",
    ""total_net_worth"": ""INR 1,453,896.00"",
    ""total_vat"": ""INR 145,389.60"",
    ""total_gross_worth"": ""INR 1,599,285.60""
  }
}","Invoice no: 51109329
Date of issue: 08/11/2023
Seller: Client:
TechVision Distributors Pvt Ltd Dehradun Tech Store
Plot 14, MIDC Industrial Area, Andheri East 45 Rajpur Road
Mumbai, Maharashtra - 400093 Dehradun, Uttarakhand - 248001
Tax Id: 27AABCT1234F1Z5 Tax Id: 738-80-6463
GSTIN: 27AABCT1234F1Z5
ITEMS
No. Description Qty UM Net Price Net Worth VAT % Gross
Worth
1. Western Digital 2TB My Passport HDD 7.00 pcs 6,428.00 44,996.00 10% 49,495.60
2. Sony Alpha ZV-E10 Mirrorless Kit 16-50 1.00 pcs 58,266.00 58,266.00 10% 64,092.60
3. JBL Flip 6 Portable Bluetooth Speaker 5.00 pcs 11,557.00 57,785.00 10% 63,563.50
4. Dell 27 inch 4K USB-C IPS Monitor 7.00 pcs 45,372.00 317,604.00 10% 349,364.40
5. Samsung 65 inch QLED 4K Smart TV 7.00 pcs 113,255.00 792,785.00 10% 872,063.50
6. Apple AirPods Pro 2nd Gen USB-C 8.00 pcs 20,103.00 160,824.00 10% 176,906.40
7. Belkin MagSafe 3-in-1 Wireless Charger 3.00 pcs 7,212.00 21,636.00 10% 23,799.60
SUMMARY
VAT % Net Worth VAT Gross Worth
10% 1,453,896.00 145,389.60 1,599,285.60
INR
Total INR 1,453,896.00 INR 1,599,285.60
145,389.60"
invoice_51109330.pdf,"{
  ""invoice_no"": ""51109330"",
  ""date_of_issue"": ""11/07/2023"",
  ""seller"": {
    ""name"": ""TechVision Distributors Pvt Ltd"",
    ""address"": ""Plot 14, MIDC Industrial Area, Andheri East, Mumbai, Maharashtra - 400093"",
    ""tax_id"": ""27AABCT1234F1Z5"",
    ""gstin"": ""27AABCT1234F1Z5""
  },
  ""client"": {
    ""name"": ""Raipur Smart Devices"",
    ""address"": ""67 Pandri Main Road, Raipur, Chhattisgarh - 492001"",
    ""tax_id"": ""259-92-5388""
  },
  ""items"": [
    {
      ""item_no"": ""1."",
      ""description"": ""Logitech MX Master 3S Wireless Mouse"",
      ""quantity"": ""6.00"",
      ""unit_measure"": ""pcs"",
      ""net_price"": ""8,890.00"",
      ""net_worth"": ""53,340.00"",
      ""vat_pct"": ""10%"",
      ""gross_worth"": ""58,674.00""
    },
    {
      ""item_no"": ""2."",
      ""description"": ""Garmin Fenix 7 Solar Multisport GPS"",
      ""quantity"": ""7.00"",
      ""unit_measure"": ""pcs"",
      ""net_price"": ""68,039.00"",
      ""net_worth"": ""476,273.00"",
      ""vat_pct"": ""10%"",
      ""gross_worth"": ""523,900.30""
    },
    {
      ""item_no"": ""3."",
      ""description"": ""LG 43 inch 4K UHD Smart WebOS TV"",
      ""quantity"": ""5.00"",
      ""unit_measure"": ""pcs"",
      ""net_price"": ""40,304.00"",
      ""net_worth"": ""201,520.00"",
      ""vat_pct"": ""10%"",
      ""gross_worth"": ""221,672.00""
    }
  ],
  ""summary"": {
    ""vat_pct"": ""10%"",
    ""net_worth"": ""731,133.00"",
    ""vat_amount"": ""73,113.30"",
    ""gross_worth"": ""804,246.30"",
    ""total_net_worth"": ""INR 731,133.00"",
    ""total_vat"": ""INR 73,113.30"",
    ""total_gross_worth"": ""INR 804,246.30""
  }
}","Invoice no: 51109330
Date of issue: 11/07/2023
Seller: Client:
TechVision Distributors Pvt Ltd Raipur Smart Devices
Plot 14, MIDC Industrial Area, Andheri East 67 Pandri Main Road
Mumbai, Maharashtra - 400093 Raipur, Chhattisgarh - 492001
Tax Id: 27AABCT1234F1Z5 Tax Id: 259-92-5388
GSTIN: 27AABCT1234F1Z5
ITEMS
No. Description Qty UM Net Price Net Worth VAT % Gross
Worth
1. Logitech MX Master 3S Wireless Mouse 6.00 pcs 8,890.00 53,340.00 10% 58,674.00
2. Garmin Fenix 7 Solar Multisport GPS 7.00 pcs 68,039.00 476,273.00 10% 523,900.30
3. LG 43 inch 4K UHD Smart WebOS TV 5.00 pcs 40,304.00 201,520.00 10% 221,672.00
SUMMARY
VAT % Net Worth VAT Gross Worth
10% 731,133.00 73,113.30 804,246.30
Total INR 731,133.00 INR 73,113.30 INR 804,246.30"
invoice_51109331.pdf,"{
  ""invoice_no"": ""51109331"",
  ""date_of_issue"": ""14/11/2023"",
  ""seller"": {
    ""name"": ""TechVision Distributors Pvt Ltd"",
    ""address"": ""Plot 14, MIDC Industrial Area, Andheri East, Mumbai, Maharashtra - 400093"",
    ""tax_id"": ""27AABCT1234F1Z5"",
    ""gstin"": ""27AABCT1234F1Z5""
  },
  ""client"": {
    ""name"": ""Ludhiana Digital World"",
    ""address"": ""89 Ferozepur Road, Ludhiana, Punjab - 141001"",
    ""tax_id"": ""935-62-6902""
  },
  ""items"": [
    {
      ""item_no"": ""1."",
      ""description"": ""Dell 27 inch 4K USB-C IPS Monitor"",
      ""quantity"": ""1.00"",
      ""unit_measure"": ""pcs"",
      ""net_price"": ""51,739.00"",
      ""net_worth"": ""51,739.00"",
      ""vat_pct"": ""10%"",
      ""gross_worth"": ""56,912.90""
    },
    {
      ""item_no"": ""2."",
      ""description"": ""Philips Hue White Ambiance Starter Kit"",
      ""quantity"": ""7.00"",
      ""unit_measure"": ""pcs"",
      ""net_price"": ""8,330.00"",
      ""net_worth"": ""58,310.00"",
      ""vat_pct"": ""10%"",
      ""gross_worth"": ""64,141.00""
    },
    {
      ""item_no"": ""3."",
      ""description"": ""JBL Flip 6 Portable Bluetooth Speaker"",
      ""quantity"": ""10.00"",
      ""unit_measure"": ""pcs"",
      ""net_price"": ""8,564.00"",
      ""net_worth"": ""85,640.00"",
      ""vat_pct"": ""10%"",
      ""gross_worth"": ""94,204.00""
    },
    {
      ""item_no"": ""4."",
      ""description"": ""Samsung Galaxy Buds2 Pro Graphite"",
      ""quantity"": ""3.00"",
      ""unit_measure"": ""pcs"",
      ""net_price"": ""14,516.00"",
      ""net_worth"": ""43,548.00"",
      ""vat_pct"": ""10%"",
      ""gross_worth"": ""47,902.80""
    },
    {
      ""item_no"": ""5."",
      ""description"": ""Samsung 65 inch QLED 4K Smart TV"",
      ""quantity"": ""6.00"",
      ""unit_measure"": ""pcs"",
      ""net_price"": ""123,832.00"",
      ""net_worth"": ""742,992.00"",
      ""vat_pct"": ""10%"",
      ""gross_worth"": ""817,291.20""
    },
    {
      ""item_no"": ""6."",
      ""description"": ""Vivo X100 Pro 256GB Asteroid Black"",
      ""quantity"": ""10.00"",
      ""unit_measure"": ""pcs"",
      ""net_price"": ""87,137.00"",
      ""net_worth"": ""871,370.00"",
      ""vat_pct"": ""10%"",
      ""gross_worth"": ""958,507.00""
    },
    {
      ""item_no"": ""7."",
      ""description"": ""Sony Alpha ZV-E10 Mirrorless Kit 16-50"",
      ""quantity"": ""5.00"",
      ""unit_measure"": ""pcs"",
      ""net_price"": ""61,861.00"",
      ""net_worth"": ""309,305.00"",
      ""vat_pct"": ""10%"",
      ""gross_worth"": ""340,235.50""
    }
  ],
  ""summary"": {
    ""vat_pct"": ""10%"",
    ""net_worth"": ""2,162,904.00"",
    ""vat_amount"": ""216,290.40"",
    ""gross_worth"": ""2,379,194.40"",
    ""total_net_worth"": ""INR 2,162,904.00"",
    ""total_vat"": ""INR 216,290.40"",
    ""total_gross_worth"": ""INR 2,379,194.40""
  }
}","Invoice no: 51109331
Date of issue: 14/11/2023
Seller: Client:
TechVision Distributors Pvt Ltd Ludhiana Digital World
Plot 14, MIDC Industrial Area, Andheri East 89 Ferozepur Road
Mumbai, Maharashtra - 400093 Ludhiana, Punjab - 141001
Tax Id: 27AABCT1234F1Z5 Tax Id: 935-62-6902
GSTIN: 27AABCT1234F1Z5
ITEMS
No. Description Qty UM Net Price Net Worth VAT % Gross
Worth
1. Dell 27 inch 4K USB-C IPS Monitor 1.00 pcs 51,739.00 51,739.00 10% 56,912.90
2. Philips Hue White Ambiance Starter Kit 7.00 pcs 8,330.00 58,310.00 10% 64,141.00
3. JBL Flip 6 Portable Bluetooth Speaker 10.00 pcs 8,564.00 85,640.00 10% 94,204.00
4. Samsung Galaxy Buds2 Pro Graphite 3.00 pcs 14,516.00 43,548.00 10% 47,902.80
5. Samsung 65 inch QLED 4K Smart TV 6.00 pcs 123,832.00 742,992.00 10% 817,291.20
6. Vivo X100 Pro 256GB Asteroid Black 10.00 pcs 87,137.00 871,370.00 10% 958,507.00
7. Sony Alpha ZV-E10 Mirrorless Kit 16-50 5.00 pcs 61,861.00 309,305.00 10% 340,235.50
SUMMARY
VAT % Net Worth VAT Gross Worth
10% 2,162,904.00 216,290.40 2,379,194.40
INR
Total INR 2,162,904.00 INR 2,379,194.40
216,290.40"
invoice_51109332.pdf,"{
  ""invoice_no"": ""51109332"",
  ""date_of_issue"": ""06/10/2023"",
  ""seller"": {
    ""name"": ""TechVision Distributors Pvt Ltd"",
    ""address"": ""Plot 14, MIDC Industrial Area, Andheri East, Mumbai, Maharashtra - 400093"",
    ""tax_id"": ""27AABCT1234F1Z5"",
    ""gstin"": ""27AABCT1234F1Z5""
  },
  ""client"": {
    ""name"": ""Bhubaneswar Tech Hub"",
    ""address"": ""23 Janpath Nayapalli, Bhubaneswar, Odisha - 751022"",
    ""tax_id"": ""687-62-2215""
  },
  ""items"": [
    {
      ""item_no"": ""1."",
      ""description"": ""Garmin Fenix 7 Solar Multisport GPS"",
      ""quantity"": ""5.00"",
      ""unit_measure"": ""pcs"",
      ""net_price"": ""75,930.00"",
      ""net_worth"": ""379,650.00"",
      ""vat_pct"": ""10%"",
      ""gross_worth"": ""417,615.00""
    },
    {
      ""item_no"": ""2."",
      ""description"": ""Canon EOS R50 Mirrorless Camera Body"",
      ""quantity"": ""1.00"",
      ""unit_measure"": ""pcs"",
      ""net_price"": ""60,745.00"",
      ""net_worth"": ""60,745.00"",
      ""vat_pct"": ""10%"",
      ""gross_worth"": ""66,819.50""
    },
    {
      ""item_no"": ""3."",
      ""description"": ""Samsung Galaxy Watch6 Classic 47mm"",
      ""quantity"": ""4.00"",
      ""unit_measure"": ""pcs"",
      ""net_price"": ""29,811.00"",
      ""net_worth"": ""119,244.00"",
      ""vat_pct"": ""10%"",
      ""gross_worth"": ""131,168.40""
    },
    {
      ""item_no"": ""4."",
      ""description"": ""Dell 27 inch 4K USB-C IPS Monitor"",
      ""quantity"": ""5.00"",
      ""unit_measure"": ""pcs"",
      ""net_price"": ""52,802.00"",
      ""net_worth"": ""264,010.00"",
      ""vat_pct"": ""10%"",
      ""gross_worth"": ""290,411.00""
    },
    {
      ""item_no"": ""5."",
      ""description"": ""Realme GT 5 Pro 256GB Navigator Beige"",
      ""quantity"": ""9.00"",
      ""unit_measure"": ""pcs"",
      ""net_price"": ""42,713.00"",
      ""net_worth"": ""384,417.00"",
      ""vat_pct"": ""10%"",
      ""gross_worth"": ""422,858.70""
    },
    {
      ""item_no"": ""6."",
      ""description"": ""Logitech MX Master 3S Wireless Mouse"",
      ""quantity"": ""4.00"",
      ""unit_measure"": ""pcs"",
      ""net_price"": ""9,623.00"",
      ""net_worth"": ""38,492.00"",
      ""vat_pct"": ""10%"",
      ""gross_worth"": ""42,341.20""
    }
  ],
  ""summary"": {
    ""vat_pct"": ""10%"",
    ""net_worth"": ""1,246,558.00"",
    ""vat_amount"": ""124,655.80"",
    ""gross_worth"": ""1,371,213.80"",
    ""total_net_worth"": ""INR 1,246,558.00"",
    ""total_vat"": ""INR 124,655.80"",
    ""total_gross_worth"": ""INR 1,371,213.80""
  }
}","Invoice no: 51109332
Date of issue: 06/10/2023
Seller: Client:
TechVision Distributors Pvt Ltd Bhubaneswar Tech Hub
Plot 14, MIDC Industrial Area, Andheri East 23 Janpath Nayapalli
Mumbai, Maharashtra - 400093 Bhubaneswar, Odisha - 751022
Tax Id: 27AABCT1234F1Z5 Tax Id: 687-62-2215
GSTIN: 27AABCT1234F1Z5
ITEMS
No. Description Qty UM Net Price Net Worth VAT % Gross
Worth
1. Garmin Fenix 7 Solar Multisport GPS 5.00 pcs 75,930.00 379,650.00 10% 417,615.00
2. Canon EOS R50 Mirrorless Camera Body 1.00 pcs 60,745.00 60,745.00 10% 66,819.50
3. Samsung Galaxy Watch6 Classic 47mm 4.00 pcs 29,811.00 119,244.00 10% 131,168.40
4. Dell 27 inch 4K USB-C IPS Monitor 5.00 pcs 52,802.00 264,010.00 10% 290,411.00
5. Realme GT 5 Pro 256GB Navigator Beige 9.00 pcs 42,713.00 384,417.00 10% 422,858.70
6. Logitech MX Master 3S Wireless Mouse 4.00 pcs 9,623.00 38,492.00 10% 42,341.20
SUMMARY
VAT % Net Worth VAT Gross Worth
10% 1,246,558.00 124,655.80 1,371,213.80
INR
Total INR 1,246,558.00 INR 1,371,213.80
124,655.80"
invoice_51109333.pdf,"{
  ""invoice_no"": ""51109333"",
  ""date_of_issue"": ""30/01/2024"",
  ""seller"": {
    ""name"": ""TechVision Distributors Pvt Ltd"",
    ""address"": ""Plot 14, MIDC Industrial Area, Andheri East, Mumbai, Maharashtra - 400093"",
    ""tax_id"": ""27AABCT1234F1Z5"",
    ""gstin"": ""27AABCT1234F1Z5""
  },
  ""client"": {
    ""name"": ""Thiruvananthapuram Gadgets"",
    ""address"": ""56 MG Road Thampanoor, Thiruvananthapuram, Kerala - 695001"",
    ""tax_id"": ""794-83-7447""
  },
  ""items"": [
    {
      ""item_no"": ""1."",
      ""description"": ""DJI Mini 3 Pro Fly More Combo Drone"",
      ""quantity"": ""8.00"",
      ""unit_measure"": ""pcs"",
      ""net_price"": ""110,002.00"",
      ""net_worth"": ""880,016.00"",
      ""vat_pct"": ""10%"",
      ""gross_worth"": ""968,017.60""
    },
    {
      ""item_no"": ""2."",
      ""description"": ""LG UltraGear 27 inch 165Hz Gaming Monitor"",
      ""quantity"": ""6.00"",
      ""unit_measure"": ""pcs"",
      ""net_price"": ""37,799.00"",
      ""net_worth"": ""226,794.00"",
      ""vat_pct"": ""10%"",
      ""gross_worth"": ""249,473.40""
    },
    {
      ""item_no"": ""3."",
      ""description"": ""Samsung Galaxy Buds2 Pro Graphite"",
      ""quantity"": ""1.00"",
      ""unit_measure"": ""pcs"",
      ""net_price"": ""14,982.00"",
      ""net_worth"": ""14,982.00"",
      ""vat_pct"": ""10%"",
      ""gross_worth"": ""16,480.20""
    }
  ],
  ""summary"": {
    ""vat_pct"": ""10%"",
    ""net_worth"": ""1,121,792.00"",
    ""vat_amount"": ""112,179.20"",
    ""gross_worth"": ""1,233,971.20"",
    ""total_net_worth"": ""INR 1,121,792.00"",
    ""total_vat"": ""INR 112,179.20"",
    ""total_gross_worth"": ""INR 1,233,971.20""
  }
}","Invoice no: 51109333
Date of issue: 30/01/2024
Seller: Client:
TechVision Distributors Pvt Ltd Thiruvananthapuram Gadgets
Plot 14, MIDC Industrial Area, Andheri East 56 MG Road Thampanoor
Mumbai, Maharashtra - 400093 Thiruvananthapuram, Kerala - 695001
Tax Id: 27AABCT1234F1Z5 Tax Id: 794-83-7447
GSTIN: 27AABCT1234F1Z5
ITEMS
No. Description Qty UM Net Price Net Worth VAT % Gross
Worth
1. DJI Mini 3 Pro Fly More Combo Drone 8.00 pcs 110,002.00 880,016.00 10% 968,017.60
2. LG UltraGear 27 inch 165Hz Gaming 6.00 pcs 37,799.00 226,794.00 10% 249,473.40
Monitor
3. Samsung Galaxy Buds2 Pro Graphite 1.00 pcs 14,982.00 14,982.00 10% 16,480.20
SUMMARY
VAT % Net Worth VAT Gross Worth
10% 1,121,792.00 112,179.20 1,233,971.20
INR
Total INR 1,121,792.00 INR 1,233,971.20
112,179.20"
invoice_51109334.pdf,"{
  ""invoice_no"": ""51109334"",
  ""date_of_issue"": ""18/09/2023"",
  ""seller"": {
    ""name"": ""TechVision Distributors Pvt Ltd"",
    ""address"": ""Plot 14, MIDC Industrial Area, Andheri East, Mumbai, Maharashtra - 400093"",
    ""tax_id"": ""27AABCT1234F1Z5"",
    ""gstin"": ""27AABCT1234F1Z5""
  },
  ""client"": {
    ""name"": ""Mysuru Electronics"",
    ""address"": ""34 Dhanvantri Road, Mysuru, Karnataka - 570001"",
    ""tax_id"": ""718-98-2453""
  },
  ""items"": [
    {
      ""item_no"": ""1."",
      ""description"": ""Sony WH-1000XM5 Wireless Headphones"",
      ""quantity"": ""4.00"",
      ""unit_measure"": ""pcs"",
      ""net_price"": ""27,049.00"",
      ""net_worth"": ""108,196.00"",
      ""vat_pct"": ""10%"",
      ""gross_worth"": ""119,015.60""
    },
    {
      ""item_no"": ""2."",
      ""description"": ""Sony Alpha ZV-E10 Mirrorless Kit 16-50"",
      ""quantity"": ""3.00"",
      ""unit_measure"": ""pcs"",
      ""net_price"": ""69,528.00"",
      ""net_worth"": ""208,584.00"",
      ""vat_pct"": ""10%"",
      ""gross_worth"": ""229,442.40""
    },
    {
      ""item_no"": ""3."",
      ""description"": ""DJI Mini 3 Pro Fly More Combo Drone"",
      ""quantity"": ""4.00"",
      ""unit_measure"": ""pcs"",
      ""net_price"": ""102,204.00"",
      ""net_worth"": ""408,816.00"",
      ""vat_pct"": ""10%"",
      ""gross_worth"": ""449,697.60""
    },
    {
      ""item_no"": ""4."",
      ""description"": ""Xiaomi 14 Pro 512GB White"",
      ""quantity"": ""10.00"",
      ""unit_measure"": ""pcs"",
      ""net_price"": ""89,663.00"",
      ""net_worth"": ""896,630.00"",
      ""vat_pct"": ""10%"",
      ""gross_worth"": ""986,293.00""
    },
    {
      ""item_no"": ""5."",
      ""description"": ""Apple iPad Air M1 64GB WiFi Space Grey"",
      ""quantity"": ""8.00"",
      ""unit_measure"": ""pcs"",
      ""net_price"": ""63,412.00"",
      ""net_worth"": ""507,296.00"",
      ""vat_pct"": ""10%"",
      ""gross_worth"": ""558,025.60""
    },
    {
      ""item_no"": ""6."",
      ""description"": ""Samsung Galaxy S24 256GB Phantom Black"",
      ""quantity"": ""6.00"",
      ""unit_measure"": ""pcs"",
      ""net_price"": ""65,401.00"",
      ""net_worth"": ""392,406.00"",
      ""vat_pct"": ""10%"",
      ""gross_worth"": ""431,646.60""
    }
  ],
  ""summary"": {
    ""vat_pct"": ""10%"",
    ""net_worth"": ""2,521,928.00"",
    ""vat_amount"": ""252,192.80"",
    ""gross_worth"": ""2,774,120.80"",
    ""total_net_worth"": ""INR 2,521,928.00"",
    ""total_vat"": ""INR 252,192.80"",
    ""total_gross_worth"": ""INR 2,774,120.80""
  }
}","Invoice no: 51109334
Date of issue: 18/09/2023
Seller: Client:
TechVision Distributors Pvt Ltd Mysuru Electronics
Plot 14, MIDC Industrial Area, Andheri East 34 Dhanvantri Road
Mumbai, Maharashtra - 400093 Mysuru, Karnataka - 570001
Tax Id: 27AABCT1234F1Z5 Tax Id: 718-98-2453
GSTIN: 27AABCT1234F1Z5
ITEMS
No. Description Qty UM Net Price Net Worth VAT % Gross
Worth
1. Sony WH-1000XM5 Wireless 4.00 pcs 27,049.00 108,196.00 10% 119,015.60
Headphones
2. Sony Alpha ZV-E10 Mirrorless Kit 16-50 3.00 pcs 69,528.00 208,584.00 10% 229,442.40
3. DJI Mini 3 Pro Fly More Combo Drone 4.00 pcs 102,204.00 408,816.00 10% 449,697.60
4. Xiaomi 14 Pro 512GB White 10.00 pcs 89,663.00 896,630.00 10% 986,293.00
5. Apple iPad Air M1 64GB WiFi Space 8.00 pcs 63,412.00 507,296.00 10% 558,025.60
Grey
6. Samsung Galaxy S24 256GB Phantom 6.00 pcs 65,401.00 392,406.00 10% 431,646.60
Black
SUMMARY
VAT % Net Worth VAT Gross Worth
10% 2,521,928.00 252,192.80 2,774,120.80
INR
Total INR 2,521,928.00 INR 2,774,120.80
252,192.80"
invoice_51109335.pdf,"{
  ""invoice_no"": ""51109335"",
  ""date_of_issue"": ""25/06/2023"",
  ""seller"": {
    ""name"": ""TechVision Distributors Pvt Ltd"",
    ""address"": ""Plot 14, MIDC Industrial Area, Andheri East, Mumbai, Maharashtra - 400093"",
    ""tax_id"": ""27AABCT1234F1Z5"",
    ""gstin"": ""27AABCT1234F1Z5""
  },
  ""client"": {
    ""name"": ""Mangaluru Tech Zone"",
    ""address"": ""12 Balmatta Road, Mangaluru, Karnataka - 575001"",
    ""tax_id"": ""654-46-5575""
  },
  ""items"": [
    {
      ""item_no"": ""1."",
      ""description"": ""Anker 65W GaN USB-C 3-Port Charger"",
      ""quantity"": ""2.00"",
      ""unit_measure"": ""pcs"",
      ""net_price"": ""3,348.00"",
      ""net_worth"": ""6,696.00"",
      ""vat_pct"": ""10%"",
      ""gross_worth"": ""7,365.60""
    },
    {
      ""item_no"": ""2."",
      ""description"": ""Boat Rockerz 550 Bluetooth Headphones"",
      ""quantity"": ""3.00"",
      ""unit_measure"": ""pcs"",
      ""net_price"": ""1,754.00"",
      ""net_worth"": ""5,262.00"",
      ""vat_pct"": ""10%"",
      ""gross_worth"": ""5,788.20""
    },
    {
      ""item_no"": ""3."",
      ""description"": ""OnePlus 12 256GB Silky Black"",
      ""quantity"": ""6.00"",
      ""unit_measure"": ""pcs"",
      ""net_price"": ""67,535.00"",
      ""net_worth"": ""405,210.00"",
      ""vat_pct"": ""10%"",
      ""gross_worth"": ""445,731.00""
    }
  ],
  ""summary"": {
    ""vat_pct"": ""10%"",
    ""net_worth"": ""417,168.00"",
    ""vat_amount"": ""41,716.80"",
    ""gross_worth"": ""458,884.80"",
    ""total_net_worth"": ""INR 417,168.00"",
    ""total_vat"": ""INR 41,716.80"",
    ""total_gross_worth"": ""INR 458,884.80""
  }
}","Invoice no: 51109335
Date of issue: 25/06/2023
Seller: Client:
TechVision Distributors Pvt Ltd Mangaluru Tech Zone
Plot 14, MIDC Industrial Area, Andheri East 12 Balmatta Road
Mumbai, Maharashtra - 400093 Mangaluru, Karnataka - 575001
Tax Id: 27AABCT1234F1Z5 Tax Id: 654-46-5575
GSTIN: 27AABCT1234F1Z5
ITEMS
No. Description Qty UM Net Price Net Worth VAT % Gross
Worth
1. Anker 65W GaN USB-C 3-Port Charger 2.00 pcs 3,348.00 6,696.00 10% 7,365.60
2. Boat Rockerz 550 Bluetooth Headphones 3.00 pcs 1,754.00 5,262.00 10% 5,788.20
3. OnePlus 12 256GB Silky Black 6.00 pcs 67,535.00 405,210.00 10% 445,731.00
SUMMARY
VAT % Net Worth VAT Gross Worth
10% 417,168.00 41,716.80 458,884.80
Total INR 417,168.00 INR 41,716.80 INR 458,884.80"
invoice_51109336.pdf,"{
  ""invoice_no"": ""51109336"",
  ""date_of_issue"": ""18/02/2024"",
  ""seller"": {
    ""name"": ""TechVision Distributors Pvt Ltd"",
    ""address"": ""Plot 14, MIDC Industrial Area, Andheri East, Mumbai, Maharashtra - 400093"",
    ""tax_id"": ""27AABCT1234F1Z5"",
    ""gstin"": ""27AABCT1234F1Z5""
  },
  ""client"": {
    ""name"": ""Hubli Digital Store"",
    ""address"": ""78 Lamington Road, Hubli, Karnataka - 580020"",
    ""tax_id"": ""190-31-1418""
  },
  ""items"": [
    {
      ""item_no"": ""1."",
      ""description"": ""GoPro Hero 12 Black Action Camera"",
      ""quantity"": ""8.00"",
      ""unit_measure"": ""pcs"",
      ""net_price"": ""44,718.00"",
      ""net_worth"": ""357,744.00"",
      ""vat_pct"": ""10%"",
      ""gross_worth"": ""393,518.40""
    },
    {
      ""item_no"": ""2."",
      ""description"": ""Samsung Galaxy Buds2 Pro Graphite"",
      ""quantity"": ""9.00"",
      ""unit_measure"": ""pcs"",
      ""net_price"": ""10,024.00"",
      ""net_worth"": ""90,216.00"",
      ""vat_pct"": ""10%"",
      ""gross_worth"": ""99,237.60""
    },
    {
      ""item_no"": ""3."",
      ""description"": ""Samsung T7 Shield 1TB Portable SSD"",
      ""quantity"": ""7.00"",
      ""unit_measure"": ""pcs"",
      ""net_price"": ""11,788.00"",
      ""net_worth"": ""82,516.00"",
      ""vat_pct"": ""10%"",
      ""gross_worth"": ""90,767.60""
    },
    {
      ""item_no"": ""4."",
      ""description"": ""Dell 27 inch 4K USB-C IPS Monitor"",
      ""quantity"": ""3.00"",
      ""unit_measure"": ""pcs"",
      ""net_price"": ""49,444.00"",
      ""net_worth"": ""148,332.00"",
      ""vat_pct"": ""10%"",
      ""gross_worth"": ""163,165.20""
    },
    {
      ""item_no"": ""5."",
      ""description"": ""Samsung Galaxy Watch6 Classic 47mm"",
      ""quantity"": ""7.00"",
      ""unit_measure"": ""pcs"",
      ""net_price"": ""30,662.00"",
      ""net_worth"": ""214,634.00"",
      ""vat_pct"": ""10%"",
      ""gross_worth"": ""236,097.40""
    },
    {
      ""item_no"": ""6."",
      ""description"": ""Asus VivoBook 16 Ryzen 7 16GB 512GB"",
      ""quantity"": ""1.00"",
      ""unit_measure"": ""pcs"",
      ""net_price"": ""77,518.00"",
      ""net_worth"": ""77,518.00"",
      ""vat_pct"": ""10%"",
      ""gross_worth"": ""85,269.80""
    }
  ],
  ""summary"": {
    ""vat_pct"": ""10%"",
    ""net_worth"": ""970,960.00"",
    ""vat_amount"": ""97,096.00"",
    ""gross_worth"": ""1,068,056.00"",
    ""total_net_worth"": ""INR 970,960.00"",
    ""total_vat"": ""INR 97,096.00"",
    ""total_gross_worth"": ""INR 1,068,056.00""
  }
}","Invoice no: 51109336
Date of issue: 18/02/2024
Seller: Client:
TechVision Distributors Pvt Ltd Hubli Digital Store
Plot 14, MIDC Industrial Area, Andheri East 78 Lamington Road
Mumbai, Maharashtra - 400093 Hubli, Karnataka - 580020
Tax Id: 27AABCT1234F1Z5 Tax Id: 190-31-1418
GSTIN: 27AABCT1234F1Z5
ITEMS
No. Description Qty UM Net Price Net Worth VAT % Gross
Worth
1. GoPro Hero 12 Black Action Camera 8.00 pcs 44,718.00 357,744.00 10% 393,518.40
2. Samsung Galaxy Buds2 Pro Graphite 9.00 pcs 10,024.00 90,216.00 10% 99,237.60
3. Samsung T7 Shield 1TB Portable SSD 7.00 pcs 11,788.00 82,516.00 10% 90,767.60
4. Dell 27 inch 4K USB-C IPS Monitor 3.00 pcs 49,444.00 148,332.00 10% 163,165.20
5. Samsung Galaxy Watch6 Classic 47mm 7.00 pcs 30,662.00 214,634.00 10% 236,097.40
6. Asus VivoBook 16 Ryzen 7 16GB 512GB 1.00 pcs 77,518.00 77,518.00 10% 85,269.80
SUMMARY
VAT % Net Worth VAT Gross Worth
10% 970,960.00 97,096.00 1,068,056.00
Total INR 970,960.00 INR 97,096.00 INR 1,068,056.00"
invoice_51109337.pdf,"{
  ""invoice_no"": ""51109337"",
  ""date_of_issue"": ""18/09/2023"",
  ""seller"": {
    ""name"": ""TechVision Distributors Pvt Ltd"",
    ""address"": ""Plot 14, MIDC Industrial Area, Andheri East, Mumbai, Maharashtra - 400093"",
    ""tax_id"": ""27AABCT1234F1Z5"",
    ""gstin"": ""27AABCT1234F1Z5""
  },
  ""client"": {
    ""name"": ""Varanasi Electronics Hub"",
    ""address"": ""45 Sigra Main Road, Varanasi, Uttar Pradesh - 221010"",
    ""tax_id"": ""466-69-1118""
  },
  ""items"": [
    {
      ""item_no"": ""1."",
      ""description"": ""Samsung T7 Shield 1TB Portable SSD"",
      ""quantity"": ""6.00"",
      ""unit_measure"": ""pcs"",
      ""net_price"": ""11,026.00"",
      ""net_worth"": ""66,156.00"",
      ""vat_pct"": ""10%"",
      ""gross_worth"": ""72,771.60""
    },
    {
      ""item_no"": ""2."",
      ""description"": ""Apple Watch Series 9 GPS 45mm Midnight"",
      ""quantity"": ""7.00"",
      ""unit_measure"": ""pcs"",
      ""net_price"": ""53,079.00"",
      ""net_worth"": ""371,553.00"",
      ""vat_pct"": ""10%"",
      ""gross_worth"": ""408,708.30""
    },
    {
      ""item_no"": ""3."",
      ""description"": ""Boat Rockerz 550 Bluetooth Headphones"",
      ""quantity"": ""1.00"",
      ""unit_measure"": ""pcs"",
      ""net_price"": ""2,853.00"",
      ""net_worth"": ""2,853.00"",
      ""vat_pct"": ""10%"",
      ""gross_worth"": ""3,138.30""
    },
    {
      ""item_no"": ""4."",
      ""description"": ""Samsung Galaxy Watch6 Classic 47mm"",
      ""quantity"": ""7.00"",
      ""unit_measure"": ""pcs"",
      ""net_price"": ""25,933.00"",
      ""net_worth"": ""181,531.00"",
      ""vat_pct"": ""10%"",
      ""gross_worth"": ""199,684.10""
    },
    {
      ""item_no"": ""5."",
      ""description"": ""Apple iPhone 15 Pro 256GB Titanium"",
      ""quantity"": ""9.00"",
      ""unit_measure"": ""pcs"",
      ""net_price"": ""111,265.00"",
      ""net_worth"": ""1,001,385.00"",
      ""vat_pct"": ""10%"",
      ""gross_worth"": ""1,101,523.5\n0""
    },
    {
      ""item_no"": ""6."",
      ""description"": ""Samsung Galaxy Buds2 Pro Graphite"",
      ""quantity"": ""2.00"",
      ""unit_measure"": ""pcs"",
      ""net_price"": ""12,829.00"",
      ""net_worth"": ""25,658.00"",
      ""vat_pct"": ""10%"",
      ""gross_worth"": ""28,223.80""
    }
  ],
  ""summary"": {
    ""vat_pct"": ""10%"",
    ""net_worth"": ""1,649,136.00"",
    ""vat_amount"": ""164,913.60"",
    ""gross_worth"": ""1,814,049.60"",
    ""total_net_worth"": ""INR 1,649,136.00"",
    ""total_vat"": ""INR 164,913.60"",
    ""total_gross_worth"": ""INR 1,814,049.60""
  }
}","Invoice no: 51109337
Date of issue: 18/09/2023
Seller: Client:
TechVision Distributors Pvt Ltd Varanasi Electronics Hub
Plot 14, MIDC Industrial Area, Andheri East 45 Sigra Main Road
Mumbai, Maharashtra - 400093 Varanasi, Uttar Pradesh - 221010
Tax Id: 27AABCT1234F1Z5 Tax Id: 466-69-1118
GSTIN: 27AABCT1234F1Z5
ITEMS
No. Description Qty UM Net Price Net Worth VAT % Gross
Worth
1. Samsung T7 Shield 1TB Portable SSD 6.00 pcs 11,026.00 66,156.00 10% 72,771.60
2. Apple Watch Series 9 GPS 45mm 7.00 pcs 53,079.00 371,553.00 10% 408,708.30
Midnight
3. Boat Rockerz 550 Bluetooth Headphones 1.00 pcs 2,853.00 2,853.00 10% 3,138.30
4. Samsung Galaxy Watch6 Classic 47mm 7.00 pcs 25,933.00 181,531.00 10% 199,684.10
5. Apple iPhone 15 Pro 256GB Titanium 9.00 pcs 111,265.00 1,001,385.00 10% 1,101,523.5
0
6. Samsung Galaxy Buds2 Pro Graphite 2.00 pcs 12,829.00 25,658.00 10% 28,223.80
SUMMARY
VAT % Net Worth VAT Gross Worth
10% 1,649,136.00 164,913.60 1,814,049.60
INR
Total INR 1,649,136.00 INR 1,814,049.60
164,913.60"
invoice_51109338.pdf,"{
  ""invoice_no"": ""51109338"",
  ""date_of_issue"": ""31/08/2023"",
  ""seller"": {
    ""name"": ""TechVision Distributors Pvt Ltd"",
    ""address"": ""Plot 14, MIDC Industrial Area, Andheri East, Mumbai, Maharashtra - 400093"",
    ""tax_id"": ""27AABCT1234F1Z5"",
    ""gstin"": ""27AABCT1234F1Z5""
  },
  ""client"": {
    ""name"": ""Prayagraj Smart Tech"",
    ""address"": ""67 Civil Lines, Prayagraj, Uttar Pradesh - 211001"",
    ""tax_id"": ""575-63-4514""
  },
  ""items"": [
    {
      ""item_no"": ""1."",
      ""description"": ""Samsung Galaxy Watch6 Classic 47mm"",
      ""quantity"": ""4.00"",
      ""unit_measure"": ""pcs"",
      ""net_price"": ""34,294.00"",
      ""net_worth"": ""137,176.00"",
      ""vat_pct"": ""10%"",
      ""gross_worth"": ""150,893.60""
    },
    {
      ""item_no"": ""2."",
      ""description"": ""Apple iPhone 15 Pro 256GB Titanium"",
      ""quantity"": ""5.00"",
      ""unit_measure"": ""pcs"",
      ""net_price"": ""112,835.00"",
      ""net_worth"": ""564,175.00"",
      ""vat_pct"": ""10%"",
      ""gross_worth"": ""620,592.50""
    },
    {
      ""item_no"": ""3."",
      ""description"": ""Garmin Fenix 7 Solar Multisport GPS"",
      ""quantity"": ""7.00"",
      ""unit_measure"": ""pcs"",
      ""net_price"": ""81,641.00"",
      ""net_worth"": ""571,487.00"",
      ""vat_pct"": ""10%"",
      ""gross_worth"": ""628,635.70""
    },
    {
      ""item_no"": ""4."",
      ""description"": ""Sony Bravia 55 inch 4K OLED TV"",
      ""quantity"": ""8.00"",
      ""unit_measure"": ""pcs"",
      ""net_price"": ""135,215.00"",
      ""net_worth"": ""1,081,720.00"",
      ""vat_pct"": ""10%"",
      ""gross_worth"": ""1,189,892.0\n0""
    },
    {
      ""item_no"": ""5."",
      ""description"": ""Samsung Galaxy Tab S9 256GB Graphite"",
      ""quantity"": ""6.00"",
      ""unit_measure"": ""pcs"",
      ""net_price"": ""71,681.00"",
      ""net_worth"": ""430,086.00"",
      ""vat_pct"": ""10%"",
      ""gross_worth"": ""473,094.60""
    }
  ],
  ""summary"": {
    ""vat_pct"": ""10%"",
    ""net_worth"": ""2,784,644.00"",
    ""vat_amount"": ""278,464.40"",
    ""gross_worth"": ""3,063,108.40"",
    ""total_net_worth"": ""INR 2,784,644.00"",
    ""total_vat"": ""INR 278,464.40"",
    ""total_gross_worth"": ""INR 3,063,108.40""
  }
}","Invoice no: 51109338
Date of issue: 31/08/2023
Seller: Client:
TechVision Distributors Pvt Ltd Prayagraj Smart Tech
Plot 14, MIDC Industrial Area, Andheri East 67 Civil Lines
Mumbai, Maharashtra - 400093 Prayagraj, Uttar Pradesh - 211001
Tax Id: 27AABCT1234F1Z5 Tax Id: 575-63-4514
GSTIN: 27AABCT1234F1Z5
ITEMS
No. Description Qty UM Net Price Net Worth VAT % Gross
Worth
1. Samsung Galaxy Watch6 Classic 47mm 4.00 pcs 34,294.00 137,176.00 10% 150,893.60
2. Apple iPhone 15 Pro 256GB Titanium 5.00 pcs 112,835.00 564,175.00 10% 620,592.50
3. Garmin Fenix 7 Solar Multisport GPS 7.00 pcs 81,641.00 571,487.00 10% 628,635.70
4. Sony Bravia 55 inch 4K OLED TV 8.00 pcs 135,215.00 1,081,720.00 10% 1,189,892.0
0
5. Samsung Galaxy Tab S9 256GB 6.00 pcs 71,681.00 430,086.00 10% 473,094.60
Graphite
SUMMARY
VAT % Net Worth VAT Gross Worth
10% 2,784,644.00 278,464.40 3,063,108.40
INR
Total INR 2,784,644.00 INR 3,063,108.40
278,464.40"
invoice_51109339.pdf,"{
  ""invoice_no"": ""51109339"",
  ""date_of_issue"": ""17/04/2023"",
  ""seller"": {
    ""name"": ""TechVision Distributors Pvt Ltd"",
    ""address"": ""Plot 14, MIDC Industrial Area, Andheri East, Mumbai, Maharashtra - 400093"",
    ""tax_id"": ""27AABCT1234F1Z5"",
    ""gstin"": ""27AABCT1234F1Z5""
  },
  ""client"": {
    ""name"": ""Jodhpur Gadget Market"",
    ""address"": ""23 Residency Road, Jodhpur, Rajasthan - 342001"",
    ""tax_id"": ""799-80-1170""
  },
  ""items"": [
    {
      ""item_no"": ""1."",
      ""description"": ""Keychron K8 Pro Mechanical Keyboard"",
      ""quantity"": ""5.00"",
      ""unit_measure"": ""pcs"",
      ""net_price"": ""13,496.00"",
      ""net_worth"": ""67,480.00"",
      ""vat_pct"": ""10%"",
      ""gross_worth"": ""74,228.00""
    }
  ],
  ""summary"": {
    ""vat_pct"": ""10%"",
    ""net_worth"": ""67,480.00"",
    ""vat_amount"": ""6,748.00"",
    ""gross_worth"": ""74,228.00"",
    ""total_net_worth"": ""INR 67,480.00"",
    ""total_vat"": ""INR 6,748.00"",
    ""total_gross_worth"": ""INR 74,228.00""
  }
}","Invoice no: 51109339
Date of issue: 17/04/2023
Seller: Client:
TechVision Distributors Pvt Ltd Jodhpur Gadget Market
Plot 14, MIDC Industrial Area, Andheri East 23 Residency Road
Mumbai, Maharashtra - 400093 Jodhpur, Rajasthan - 342001
Tax Id: 27AABCT1234F1Z5 Tax Id: 799-80-1170
GSTIN: 27AABCT1234F1Z5
ITEMS
No. Description Qty UM Net Price Net Worth VAT % Gross
Worth
1. Keychron K8 Pro Mechanical Keyboard 5.00 pcs 13,496.00 67,480.00 10% 74,228.00
SUMMARY
VAT % Net Worth VAT Gross Worth
10% 67,480.00 6,748.00 74,228.00
Total INR 67,480.00 INR 6,748.00 INR 74,228.00"
invoice_51109340.pdf,"{
  ""invoice_no"": ""51109340"",
  ""date_of_issue"": ""05/10/2023"",
  ""seller"": {
    ""name"": ""TechVision Distributors Pvt Ltd"",
    ""address"": ""Plot 14, MIDC Industrial Area, Andheri East, Mumbai, Maharashtra - 400093"",
    ""tax_id"": ""27AABCT1234F1Z5"",
    ""gstin"": ""27AABCT1234F1Z5""
  },
  ""client"": {
    ""name"": ""Udaipur Electronics Plaza"",
    ""address"": ""89 Hiran Magri Sector 14, Udaipur, Rajasthan - 313001"",
    ""tax_id"": ""589-12-8225""
  },
  ""items"": [
    {
      ""item_no"": ""1."",
      ""description"": ""LG 43 inch 4K UHD Smart WebOS TV"",
      ""quantity"": ""5.00"",
      ""unit_measure"": ""pcs"",
      ""net_price"": ""50,538.00"",
      ""net_worth"": ""252,690.00"",
      ""vat_pct"": ""10%"",
      ""gross_worth"": ""277,959.00""
    },
    {
      ""item_no"": ""2."",
      ""description"": ""Apple iPad Air M1 64GB WiFi Space Grey"",
      ""quantity"": ""2.00"",
      ""unit_measure"": ""pcs"",
      ""net_price"": ""66,994.00"",
      ""net_worth"": ""133,988.00"",
      ""vat_pct"": ""10%"",
      ""gross_worth"": ""147,386.80""
    },
    {
      ""item_no"": ""3."",
      ""description"": ""Anker 65W GaN USB-C 3-Port Charger"",
      ""quantity"": ""1.00"",
      ""unit_measure"": ""pcs"",
      ""net_price"": ""4,147.00"",
      ""net_worth"": ""4,147.00"",
      ""vat_pct"": ""10%"",
      ""gross_worth"": ""4,561.70""
    },
    {
      ""item_no"": ""4."",
      ""description"": ""Sony Alpha ZV-E10 Mirrorless Kit 16-50"",
      ""quantity"": ""4.00"",
      ""unit_measure"": ""pcs"",
      ""net_price"": ""68,020.00"",
      ""net_worth"": ""272,080.00"",
      ""vat_pct"": ""10%"",
      ""gross_worth"": ""299,288.00""
    },
    {
      ""item_no"": ""5."",
      ""description"": ""Samsung 65 inch QLED 4K Smart TV"",
      ""quantity"": ""10.00"",
      ""unit_measure"": ""pcs"",
      ""net_price"": ""116,677.00"",
      ""net_worth"": ""1,166,770.00"",
      ""vat_pct"": ""10%"",
      ""gross_worth"": ""1,283,447.0\n0""
    },
    {
      ""item_no"": ""6."",
      ""description"": ""DJI Mini 3 Pro Fly More Combo Drone"",
      ""quantity"": ""2.00"",
      ""unit_measure"": ""pcs"",
      ""net_price"": ""98,661.00"",
      ""net_worth"": ""197,322.00"",
      ""vat_pct"": ""10%"",
      ""gross_worth"": ""217,054.20""
    }
  ],
  ""summary"": {
    ""vat_pct"": ""10%"",
    ""net_worth"": ""2,026,997.00"",
    ""vat_amount"": ""202,699.70"",
    ""gross_worth"": ""2,229,696.70"",
    ""total_net_worth"": ""INR 2,026,997.00"",
    ""total_vat"": ""INR 202,699.70"",
    ""total_gross_worth"": ""INR 2,229,696.70""
  }
}","Invoice no: 51109340
Date of issue: 05/10/2023
Seller: Client:
TechVision Distributors Pvt Ltd Udaipur Electronics Plaza
Plot 14, MIDC Industrial Area, Andheri East 89 Hiran Magri Sector 14
Mumbai, Maharashtra - 400093 Udaipur, Rajasthan - 313001
Tax Id: 27AABCT1234F1Z5 Tax Id: 589-12-8225
GSTIN: 27AABCT1234F1Z5
ITEMS
No. Description Qty UM Net Price Net Worth VAT % Gross
Worth
1. LG 43 inch 4K UHD Smart WebOS TV 5.00 pcs 50,538.00 252,690.00 10% 277,959.00
2. Apple iPad Air M1 64GB WiFi Space 2.00 pcs 66,994.00 133,988.00 10% 147,386.80
Grey
3. Anker 65W GaN USB-C 3-Port Charger 1.00 pcs 4,147.00 4,147.00 10% 4,561.70
4. Sony Alpha ZV-E10 Mirrorless Kit 16-50 4.00 pcs 68,020.00 272,080.00 10% 299,288.00
5. Samsung 65 inch QLED 4K Smart TV 10.00 pcs 116,677.00 1,166,770.00 10% 1,283,447.0
0
6. DJI Mini 3 Pro Fly More Combo Drone 2.00 pcs 98,661.00 197,322.00 10% 217,054.20
SUMMARY
VAT % Net Worth VAT Gross Worth
10% 2,026,997.00 202,699.70 2,229,696.70
INR
Total INR 2,026,997.00 INR 2,229,696.70
202,699.70"
invoice_51109341.pdf,"{
  ""invoice_no"": ""51109341"",
  ""date_of_issue"": ""11/04/2023"",
  ""seller"": {
    ""name"": ""TechVision Distributors Pvt Ltd"",
    ""address"": ""Plot 14, MIDC Industrial Area, Andheri East, Mumbai, Maharashtra - 400093"",
    ""tax_id"": ""27AABCT1234F1Z5"",
    ""gstin"": ""27AABCT1234F1Z5""
  },
  ""client"": {
    ""name"": ""Gwalior Tech World"",
    ""address"": ""34 MLN Road City Center, Gwalior, Madhya Pradesh - 474001"",
    ""tax_id"": ""759-90-4830""
  },
  ""items"": [
    {
      ""item_no"": ""1."",
      ""description"": ""Lenovo Tab P12 Pro 256GB Storm Grey"",
      ""quantity"": ""9.00"",
      ""unit_measure"": ""pcs"",
      ""net_price"": ""46,197.00"",
      ""net_worth"": ""415,773.00"",
      ""vat_pct"": ""10%"",
      ""gross_worth"": ""457,350.30""
    }
  ],
  ""summary"": {
    ""vat_pct"": ""10%"",
    ""net_worth"": ""415,773.00"",
    ""vat_amount"": ""41,577.30"",
    ""gross_worth"": ""457,350.30"",
    ""total_net_worth"": ""INR 415,773.00"",
    ""total_vat"": ""INR 41,577.30"",
    ""total_gross_worth"": ""INR 457,350.30""
  }
}","Invoice no: 51109341
Date of issue: 11/04/2023
Seller: Client:
TechVision Distributors Pvt Ltd Gwalior Tech World
Plot 14, MIDC Industrial Area, Andheri East 34 MLN Road City Center
Mumbai, Maharashtra - 400093 Gwalior, Madhya Pradesh - 474001
Tax Id: 27AABCT1234F1Z5 Tax Id: 759-90-4830
GSTIN: 27AABCT1234F1Z5
ITEMS
No. Description Qty UM Net Price Net Worth VAT % Gross
Worth
1. Lenovo Tab P12 Pro 256GB Storm Grey 9.00 pcs 46,197.00 415,773.00 10% 457,350.30
SUMMARY
VAT % Net Worth VAT Gross Worth
10% 415,773.00 41,577.30 457,350.30
Total INR 415,773.00 INR 41,577.30 INR 457,350.30"
invoice_51109342.pdf,"{
  ""invoice_no"": ""51109342"",
  ""date_of_issue"": ""23/12/2023"",
  ""seller"": {
    ""name"": ""TechVision Distributors Pvt Ltd"",
    ""address"": ""Plot 14, MIDC Industrial Area, Andheri East, Mumbai, Maharashtra - 400093"",
    ""tax_id"": ""27AABCT1234F1Z5"",
    ""gstin"": ""27AABCT1234F1Z5""
  },
  ""client"": {
    ""name"": ""Jabalpur Digital Zone"",
    ""address"": ""56 Napier Town, Jabalpur, Madhya Pradesh - 482001"",
    ""tax_id"": ""917-45-5005""
  },
  ""items"": [
    {
      ""item_no"": ""1."",
      ""description"": ""Samsung Galaxy S24 256GB Phantom Black"",
      ""quantity"": ""3.00"",
      ""unit_measure"": ""pcs"",
      ""net_price"": ""82,617.00"",
      ""net_worth"": ""247,851.00"",
      ""vat_pct"": ""10%"",
      ""gross_worth"": ""272,636.10""
    },
    {
      ""item_no"": ""2."",
      ""description"": ""Sony Alpha ZV-E10 Mirrorless Kit 16-50"",
      ""quantity"": ""4.00"",
      ""unit_measure"": ""pcs"",
      ""net_price"": ""70,166.00"",
      ""net_worth"": ""280,664.00"",
      ""vat_pct"": ""10%"",
      ""gross_worth"": ""308,730.40""
    },
    {
      ""item_no"": ""3."",
      ""description"": ""Samsung Galaxy Buds2 Pro Graphite"",
      ""quantity"": ""5.00"",
      ""unit_measure"": ""pcs"",
      ""net_price"": ""12,526.00"",
      ""net_worth"": ""62,630.00"",
      ""vat_pct"": ""10%"",
      ""gross_worth"": ""68,893.00""
    },
    {
      ""item_no"": ""4."",
      ""description"": ""Western Digital 2TB My Passport HDD"",
      ""quantity"": ""8.00"",
      ""unit_measure"": ""pcs"",
      ""net_price"": ""5,007.00"",
      ""net_worth"": ""40,056.00"",
      ""vat_pct"": ""10%"",
      ""gross_worth"": ""44,061.60""
    },
    {
      ""item_no"": ""5."",
      ""description"": ""Asus VivoBook 16 Ryzen 7 16GB 512GB"",
      ""quantity"": ""10.00"",
      ""unit_measure"": ""pcs"",
      ""net_price"": ""81,540.00"",
      ""net_worth"": ""815,400.00"",
      ""vat_pct"": ""10%"",
      ""gross_worth"": ""896,940.00""
    }
  ],
  ""summary"": {
    ""vat_pct"": ""10%"",
    ""net_worth"": ""1,446,601.00"",
    ""vat_amount"": ""144,660.10"",
    ""gross_worth"": ""1,591,261.10"",
    ""total_net_worth"": ""INR 1,446,601.00"",
    ""total_vat"": ""INR 144,660.10"",
    ""total_gross_worth"": ""INR 1,591,261.10""
  }
}","Invoice no: 51109342
Date of issue: 23/12/2023
Seller: Client:
TechVision Distributors Pvt Ltd Jabalpur Digital Zone
Plot 14, MIDC Industrial Area, Andheri East 56 Napier Town
Mumbai, Maharashtra - 400093 Jabalpur, Madhya Pradesh - 482001
Tax Id: 27AABCT1234F1Z5 Tax Id: 917-45-5005
GSTIN: 27AABCT1234F1Z5
ITEMS
No. Description Qty UM Net Price Net Worth VAT % Gross
Worth
1. Samsung Galaxy S24 256GB Phantom 3.00 pcs 82,617.00 247,851.00 10% 272,636.10
Black
2. Sony Alpha ZV-E10 Mirrorless Kit 16-50 4.00 pcs 70,166.00 280,664.00 10% 308,730.40
3. Samsung Galaxy Buds2 Pro Graphite 5.00 pcs 12,526.00 62,630.00 10% 68,893.00
4. Western Digital 2TB My Passport HDD 8.00 pcs 5,007.00 40,056.00 10% 44,061.60
5. Asus VivoBook 16 Ryzen 7 16GB 512GB 10.00 pcs 81,540.00 815,400.00 10% 896,940.00
SUMMARY
VAT % Net Worth VAT Gross Worth
10% 1,446,601.00 144,660.10 1,591,261.10
INR
Total INR 1,446,601.00 INR 1,591,261.10
144,660.10"
invoice_51109343.pdf,"{
  ""invoice_no"": ""51109343"",
  ""date_of_issue"": ""02/07/2023"",
  ""seller"": {
    ""name"": ""TechVision Distributors Pvt Ltd"",
    ""address"": ""Plot 14, MIDC Industrial Area, Andheri East, Mumbai, Maharashtra - 400093"",
    ""tax_id"": ""27AABCT1234F1Z5"",
    ""gstin"": ""27AABCT1234F1Z5""
  },
  ""client"": {
    ""name"": ""Aurangabad Smart Gadgets"",
    ""address"": ""12 Jalna Road Cidco, Chhatrapati Sambhajinagar, Maharashtra - 431001"",
    ""tax_id"": ""651-51-8309""
  },
  ""items"": [
    {
      ""item_no"": ""1."",
      ""description"": ""LG 43 inch 4K UHD Smart WebOS TV"",
      ""quantity"": ""2.00"",
      ""unit_measure"": ""pcs"",
      ""net_price"": ""42,025.00"",
      ""net_worth"": ""84,050.00"",
      ""vat_pct"": ""10%"",
      ""gross_worth"": ""92,455.00""
    },
    {
      ""item_no"": ""2."",
      ""description"": ""Samsung Galaxy Tab S9 256GB Graphite"",
      ""quantity"": ""9.00"",
      ""unit_measure"": ""pcs"",
      ""net_price"": ""71,906.00"",
      ""net_worth"": ""647,154.00"",
      ""vat_pct"": ""10%"",
      ""gross_worth"": ""711,869.40""
    },
    {
      ""item_no"": ""3."",
      ""description"": ""Samsung Galaxy S24 256GB Phantom Black"",
      ""quantity"": ""7.00"",
      ""unit_measure"": ""pcs"",
      ""net_price"": ""84,411.00"",
      ""net_worth"": ""590,877.00"",
      ""vat_pct"": ""10%"",
      ""gross_worth"": ""649,964.70""
    }
  ],
  ""summary"": {
    ""vat_pct"": ""10%"",
    ""net_worth"": ""1,322,081.00"",
    ""vat_amount"": ""132,208.10"",
    ""gross_worth"": ""1,454,289.10"",
    ""total_net_worth"": ""INR 1,322,081.00"",
    ""total_vat"": ""INR 132,208.10"",
    ""total_gross_worth"": ""INR 1,454,289.10""
  }
}","Invoice no: 51109343
Date of issue: 02/07/2023
Seller: Client:
TechVision Distributors Pvt Ltd Aurangabad Smart Gadgets
Plot 14, MIDC Industrial Area, Andheri East 12 Jalna Road Cidco
Mumbai, Maharashtra - 400093 Chhatrapati Sambhajinagar, Maharashtra - 431001
Tax Id: 27AABCT1234F1Z5 Tax Id: 651-51-8309
GSTIN: 27AABCT1234F1Z5
ITEMS
No. Description Qty UM Net Price Net Worth VAT % Gross
Worth
1. LG 43 inch 4K UHD Smart WebOS TV 2.00 pcs 42,025.00 84,050.00 10% 92,455.00
2. Samsung Galaxy Tab S9 256GB 9.00 pcs 71,906.00 647,154.00 10% 711,869.40
Graphite
3. Samsung Galaxy S24 256GB Phantom 7.00 pcs 84,411.00 590,877.00 10% 649,964.70
Black
SUMMARY
VAT % Net Worth VAT Gross Worth
10% 1,322,081.00 132,208.10 1,454,289.10
INR
Total INR 1,322,081.00 INR 1,454,289.10
132,208.10"
invoice_51109344.pdf,"{
  ""invoice_no"": ""51109344"",
  ""date_of_issue"": ""11/08/2023"",
  ""seller"": {
    ""name"": ""TechVision Distributors Pvt Ltd"",
    ""address"": ""Plot 14, MIDC Industrial Area, Andheri East, Mumbai, Maharashtra - 400093"",
    ""tax_id"": ""27AABCT1234F1Z5"",
    ""gstin"": ""27AABCT1234F1Z5""
  },
  ""client"": {
    ""name"": ""Solapur Electronics City"",
    ""address"": ""78 Vijapur Road, Solapur, Maharashtra - 413001"",
    ""tax_id"": ""675-48-6751""
  },
  ""items"": [
    {
      ""item_no"": ""1."",
      ""description"": ""Realme GT 5 Pro 256GB Navigator Beige"",
      ""quantity"": ""7.00"",
      ""unit_measure"": ""pcs"",
      ""net_price"": ""43,764.00"",
      ""net_worth"": ""306,348.00"",
      ""vat_pct"": ""10%"",
      ""gross_worth"": ""336,982.80""
    },
    {
      ""item_no"": ""2."",
      ""description"": ""Apple iPad Air M1 64GB WiFi Space Grey"",
      ""quantity"": ""5.00"",
      ""unit_measure"": ""pcs"",
      ""net_price"": ""58,375.00"",
      ""net_worth"": ""291,875.00"",
      ""vat_pct"": ""10%"",
      ""gross_worth"": ""321,062.50""
    },
    {
      ""item_no"": ""3."",
      ""description"": ""Lenovo IdeaPad Slim 5 i5 16GB 512GB"",
      ""quantity"": ""3.00"",
      ""unit_measure"": ""pcs"",
      ""net_price"": ""63,440.00"",
      ""net_worth"": ""190,320.00"",
      ""vat_pct"": ""10%"",
      ""gross_worth"": ""209,352.00""
    },
    {
      ""item_no"": ""4."",
      ""description"": ""Dell 27 inch 4K USB-C IPS Monitor"",
      ""quantity"": ""7.00"",
      ""unit_measure"": ""pcs"",
      ""net_price"": ""41,841.00"",
      ""net_worth"": ""292,887.00"",
      ""vat_pct"": ""10%"",
      ""gross_worth"": ""322,175.70""
    }
  ],
  ""summary"": {
    ""vat_pct"": ""10%"",
    ""net_worth"": ""1,081,430.00"",
    ""vat_amount"": ""108,143.00"",
    ""gross_worth"": ""1,189,573.00"",
    ""total_net_worth"": ""INR 1,081,430.00"",
    ""total_vat"": ""INR 108,143.00"",
    ""total_gross_worth"": ""INR 1,189,573.00""
  }
}","Invoice no: 51109344
Date of issue: 11/08/2023
Seller: Client:
TechVision Distributors Pvt Ltd Solapur Electronics City
Plot 14, MIDC Industrial Area, Andheri East 78 Vijapur Road
Mumbai, Maharashtra - 400093 Solapur, Maharashtra - 413001
Tax Id: 27AABCT1234F1Z5 Tax Id: 675-48-6751
GSTIN: 27AABCT1234F1Z5
ITEMS
No. Description Qty UM Net Price Net Worth VAT % Gross
Worth
1. Realme GT 5 Pro 256GB Navigator Beige 7.00 pcs 43,764.00 306,348.00 10% 336,982.80
2. Apple iPad Air M1 64GB WiFi Space 5.00 pcs 58,375.00 291,875.00 10% 321,062.50
Grey
3. Lenovo IdeaPad Slim 5 i5 16GB 512GB 3.00 pcs 63,440.00 190,320.00 10% 209,352.00
4. Dell 27 inch 4K USB-C IPS Monitor 7.00 pcs 41,841.00 292,887.00 10% 322,175.70
SUMMARY
VAT % Net Worth VAT Gross Worth
10% 1,081,430.00 108,143.00 1,189,573.00
INR
Total INR 1,081,430.00 INR 1,189,573.00
108,143.00"
invoice_51109345.pdf,"{
  ""invoice_no"": ""51109345"",
  ""date_of_issue"": ""11/09/2023"",
  ""seller"": {
    ""name"": ""TechVision Distributors Pvt Ltd"",
    ""address"": ""Plot 14, MIDC Industrial Area, Andheri East, Mumbai, Maharashtra - 400093"",
    ""tax_id"": ""27AABCT1234F1Z5"",
    ""gstin"": ""27AABCT1234F1Z5""
  },
  ""client"": {
    ""name"": ""Kolhapur Tech Market"",
    ""address"": ""45 Rajaram Road, Kolhapur, Maharashtra - 416001"",
    ""tax_id"": ""259-69-4515""
  },
  ""items"": [
    {
      ""item_no"": ""1."",
      ""description"": ""OnePlus 12 256GB Silky Black"",
      ""quantity"": ""9.00"",
      ""unit_measure"": ""pcs"",
      ""net_price"": ""65,448.00"",
      ""net_worth"": ""589,032.00"",
      ""vat_pct"": ""10%"",
      ""gross_worth"": ""647,935.20""
    },
    {
      ""item_no"": ""2."",
      ""description"": ""Western Digital 2TB My Passport HDD"",
      ""quantity"": ""3.00"",
      ""unit_measure"": ""pcs"",
      ""net_price"": ""6,433.00"",
      ""net_worth"": ""19,299.00"",
      ""vat_pct"": ""10%"",
      ""gross_worth"": ""21,228.90""
    },
    {
      ""item_no"": ""3."",
      ""description"": ""Vivo X100 Pro 256GB Asteroid Black"",
      ""quantity"": ""5.00"",
      ""unit_measure"": ""pcs"",
      ""net_price"": ""83,230.00"",
      ""net_worth"": ""416,150.00"",
      ""vat_pct"": ""10%"",
      ""gross_worth"": ""457,765.00""
    },
    {
      ""item_no"": ""4."",
      ""description"": ""Apple iPhone 15 Pro 256GB Titanium"",
      ""quantity"": ""3.00"",
      ""unit_measure"": ""pcs"",
      ""net_price"": ""132,312.00"",
      ""net_worth"": ""396,936.00"",
      ""vat_pct"": ""10%"",
      ""gross_worth"": ""436,629.60""
    },
    {
      ""item_no"": ""5."",
      ""description"": ""HP Pavilion 15 Ryzen 5 8GB 512GB"",
      ""quantity"": ""1.00"",
      ""unit_measure"": ""pcs"",
      ""net_price"": ""59,176.00"",
      ""net_worth"": ""59,176.00"",
      ""vat_pct"": ""10%"",
      ""gross_worth"": ""65,093.60""
    }
  ],
  ""summary"": {
    ""vat_pct"": ""10%"",
    ""net_worth"": ""1,480,593.00"",
    ""vat_amount"": ""148,059.30"",
    ""gross_worth"": ""1,628,652.30"",
    ""total_net_worth"": ""INR 1,480,593.00"",
    ""total_vat"": ""INR 148,059.30"",
    ""total_gross_worth"": ""INR 1,628,652.30""
  }
}","Invoice no: 51109345
Date of issue: 11/09/2023
Seller: Client:
TechVision Distributors Pvt Ltd Kolhapur Tech Market
Plot 14, MIDC Industrial Area, Andheri East 45 Rajaram Road
Mumbai, Maharashtra - 400093 Kolhapur, Maharashtra - 416001
Tax Id: 27AABCT1234F1Z5 Tax Id: 259-69-4515
GSTIN: 27AABCT1234F1Z5
ITEMS
No. Description Qty UM Net Price Net Worth VAT % Gross
Worth
1. OnePlus 12 256GB Silky Black 9.00 pcs 65,448.00 589,032.00 10% 647,935.20
2. Western Digital 2TB My Passport HDD 3.00 pcs 6,433.00 19,299.00 10% 21,228.90
3. Vivo X100 Pro 256GB Asteroid Black 5.00 pcs 83,230.00 416,150.00 10% 457,765.00
4. Apple iPhone 15 Pro 256GB Titanium 3.00 pcs 132,312.00 396,936.00 10% 436,629.60
5. HP Pavilion 15 Ryzen 5 8GB 512GB 1.00 pcs 59,176.00 59,176.00 10% 65,093.60
SUMMARY
VAT % Net Worth VAT Gross Worth
10% 1,480,593.00 148,059.30 1,628,652.30
INR
Total INR 1,480,593.00 INR 1,628,652.30
148,059.30"
invoice_51109346.pdf,"{
  ""invoice_no"": ""51109346"",
  ""date_of_issue"": ""22/02/2024"",
  ""seller"": {
    ""name"": ""TechVision Distributors Pvt Ltd"",
    ""address"": ""Plot 14, MIDC Industrial Area, Andheri East, Mumbai, Maharashtra - 400093"",
    ""tax_id"": ""27AABCT1234F1Z5"",
    ""gstin"": ""27AABCT1234F1Z5""
  },
  ""client"": {
    ""name"": ""Nellore Digital Hub"",
    ""address"": ""23 Trunk Road, Nellore, Andhra Pradesh - 524001"",
    ""tax_id"": ""835-56-2967""
  },
  ""items"": [
    {
      ""item_no"": ""1."",
      ""description"": ""Sony Alpha ZV-E10 Mirrorless Kit 16-50"",
      ""quantity"": ""5.00"",
      ""unit_measure"": ""pcs"",
      ""net_price"": ""69,808.00"",
      ""net_worth"": ""349,040.00"",
      ""vat_pct"": ""10%"",
      ""gross_worth"": ""383,944.00""
    },
    {
      ""item_no"": ""2."",
      ""description"": ""Apple iPhone 15 128GB Black"",
      ""quantity"": ""7.00"",
      ""unit_measure"": ""pcs"",
      ""net_price"": ""67,026.00"",
      ""net_worth"": ""469,182.00"",
      ""vat_pct"": ""10%"",
      ""gross_worth"": ""516,100.20""
    },
    {
      ""item_no"": ""3."",
      ""description"": ""Lenovo Tab P12 Pro 256GB Storm Grey"",
      ""quantity"": ""6.00"",
      ""unit_measure"": ""pcs"",
      ""net_price"": ""36,828.00"",
      ""net_worth"": ""220,968.00"",
      ""vat_pct"": ""10%"",
      ""gross_worth"": ""243,064.80""
    },
    {
      ""item_no"": ""4."",
      ""description"": ""Samsung T7 Shield 1TB Portable SSD"",
      ""quantity"": ""9.00"",
      ""unit_measure"": ""pcs"",
      ""net_price"": ""9,556.00"",
      ""net_worth"": ""86,004.00"",
      ""vat_pct"": ""10%"",
      ""gross_worth"": ""94,604.40""
    },
    {
      ""item_no"": ""5."",
      ""description"": ""Keychron K8 Pro Mechanical Keyboard"",
      ""quantity"": ""2.00"",
      ""unit_measure"": ""pcs"",
      ""net_price"": ""10,403.00"",
      ""net_worth"": ""20,806.00"",
      ""vat_pct"": ""10%"",
      ""gross_worth"": ""22,886.60""
    },
    {
      ""item_no"": ""6."",
      ""description"": ""Sony WH-1000XM5 Wireless Headphones"",
      ""quantity"": ""5.00"",
      ""unit_measure"": ""pcs"",
      ""net_price"": ""28,519.00"",
      ""net_worth"": ""142,595.00"",
      ""vat_pct"": ""10%"",
      ""gross_worth"": ""156,854.50""
    },
    {
      ""item_no"": ""7."",
      ""description"": ""Sony Bravia 55 inch 4K OLED TV"",
      ""quantity"": ""2.00"",
      ""unit_measure"": ""pcs"",
      ""net_price"": ""126,837.00"",
      ""net_worth"": ""253,674.00"",
      ""vat_pct"": ""10%"",
      ""gross_worth"": ""279,041.40""
    },
    {
      ""item_no"": ""8."",
      ""description"": ""Western Digital 2TB My Passport HDD"",
      ""quantity"": ""5.00"",
      ""unit_measure"": ""pcs"",
      ""net_price"": ""5,301.00"",
      ""net_worth"": ""26,505.00"",
      ""vat_pct"": ""10%"",
      ""gross_worth"": ""29,155.50""
    }
  ],
  ""summary"": {
    ""vat_pct"": ""10%"",
    ""net_worth"": ""1,568,774.00"",
    ""vat_amount"": ""156,877.40"",
    ""gross_worth"": ""1,725,651.40"",
    ""total_net_worth"": ""INR 1,568,774.00"",
    ""total_vat"": ""INR 156,877.40"",
    ""total_gross_worth"": ""INR 1,725,651.40""
  }
}","Invoice no: 51109346
Date of issue: 22/02/2024
Seller: Client:
TechVision Distributors Pvt Ltd Nellore Digital Hub
Plot 14, MIDC Industrial Area, Andheri East 23 Trunk Road
Mumbai, Maharashtra - 400093 Nellore, Andhra Pradesh - 524001
Tax Id: 27AABCT1234F1Z5 Tax Id: 835-56-2967
GSTIN: 27AABCT1234F1Z5
ITEMS
No. Description Qty UM Net Price Net Worth VAT % Gross
Worth
1. Sony Alpha ZV-E10 Mirrorless Kit 16-50 5.00 pcs 69,808.00 349,040.00 10% 383,944.00
2. Apple iPhone 15 128GB Black 7.00 pcs 67,026.00 469,182.00 10% 516,100.20
3. Lenovo Tab P12 Pro 256GB Storm Grey 6.00 pcs 36,828.00 220,968.00 10% 243,064.80
4. Samsung T7 Shield 1TB Portable SSD 9.00 pcs 9,556.00 86,004.00 10% 94,604.40
5. Keychron K8 Pro Mechanical Keyboard 2.00 pcs 10,403.00 20,806.00 10% 22,886.60
6. Sony WH-1000XM5 Wireless 5.00 pcs 28,519.00 142,595.00 10% 156,854.50
Headphones
7. Sony Bravia 55 inch 4K OLED TV 2.00 pcs 126,837.00 253,674.00 10% 279,041.40
8. Western Digital 2TB My Passport HDD 5.00 pcs 5,301.00 26,505.00 10% 29,155.50
SUMMARY
VAT % Net Worth VAT Gross Worth
10% 1,568,774.00 156,877.40 1,725,651.40
INR
Total INR 1,568,774.00 INR 1,725,651.40
156,877.40"
invoice_51109347.pdf,"{
  ""invoice_no"": ""51109347"",
  ""date_of_issue"": ""13/06/2023"",
  ""seller"": {
    ""name"": ""TechVision Distributors Pvt Ltd"",
    ""address"": ""Plot 14, MIDC Industrial Area, Andheri East, Mumbai, Maharashtra - 400093"",
    ""tax_id"": ""27AABCT1234F1Z5"",
    ""gstin"": ""27AABCT1234F1Z5""
  },
  ""client"": {
    ""name"": ""Tirupati Gadget Store"",
    ""address"": ""67 TP Area RTC Complex, Tirupati, Andhra Pradesh - 517501"",
    ""tax_id"": ""434-37-5534""
  },
  ""items"": [
    {
      ""item_no"": ""1."",
      ""description"": ""Apple iPhone 15 128GB Black"",
      ""quantity"": ""6.00"",
      ""unit_measure"": ""pcs"",
      ""net_price"": ""59,818.00"",
      ""net_worth"": ""358,908.00"",
      ""vat_pct"": ""10%"",
      ""gross_worth"": ""394,798.80""
    },
    {
      ""item_no"": ""2."",
      ""description"": ""HP Pavilion 15 Ryzen 5 8GB 512GB"",
      ""quantity"": ""4.00"",
      ""unit_measure"": ""pcs"",
      ""net_price"": ""63,828.00"",
      ""net_worth"": ""255,312.00"",
      ""vat_pct"": ""10%"",
      ""gross_worth"": ""280,843.20""
    },
    {
      ""item_no"": ""3."",
      ""description"": ""Keychron K8 Pro Mechanical Keyboard"",
      ""quantity"": ""7.00"",
      ""unit_measure"": ""pcs"",
      ""net_price"": ""12,955.00"",
      ""net_worth"": ""90,685.00"",
      ""vat_pct"": ""10%"",
      ""gross_worth"": ""99,753.50""
    }
  ],
  ""summary"": {
    ""vat_pct"": ""10%"",
    ""net_worth"": ""704,905.00"",
    ""vat_amount"": ""70,490.50"",
    ""gross_worth"": ""775,395.50"",
    ""total_net_worth"": ""INR 704,905.00"",
    ""total_vat"": ""INR 70,490.50"",
    ""total_gross_worth"": ""INR 775,395.50""
  }
}","Invoice no: 51109347
Date of issue: 13/06/2023
Seller: Client:
TechVision Distributors Pvt Ltd Tirupati Gadget Store
Plot 14, MIDC Industrial Area, Andheri East 67 TP Area RTC Complex
Mumbai, Maharashtra - 400093 Tirupati, Andhra Pradesh - 517501
Tax Id: 27AABCT1234F1Z5 Tax Id: 434-37-5534
GSTIN: 27AABCT1234F1Z5
ITEMS
No. Description Qty UM Net Price Net Worth VAT % Gross
Worth
1. Apple iPhone 15 128GB Black 6.00 pcs 59,818.00 358,908.00 10% 394,798.80
2. HP Pavilion 15 Ryzen 5 8GB 512GB 4.00 pcs 63,828.00 255,312.00 10% 280,843.20
3. Keychron K8 Pro Mechanical Keyboard 7.00 pcs 12,955.00 90,685.00 10% 99,753.50
SUMMARY
VAT % Net Worth VAT Gross Worth
10% 704,905.00 70,490.50 775,395.50
Total INR 704,905.00 INR 70,490.50 INR 775,395.50"
invoice_51109348.pdf,"{
  ""invoice_no"": ""51109348"",
  ""date_of_issue"": ""18/07/2023"",
  ""seller"": {
    ""name"": ""TechVision Distributors Pvt Ltd"",
    ""address"": ""Plot 14, MIDC Industrial Area, Andheri East, Mumbai, Maharashtra - 400093"",
    ""tax_id"": ""27AABCT1234F1Z5"",
    ""gstin"": ""27AABCT1234F1Z5""
  },
  ""client"": {
    ""name"": ""Salem Electronics Point"",
    ""address"": ""89 Omalur Main Road, Salem, Tamil Nadu - 636004"",
    ""tax_id"": ""920-41-3440""
  },
  ""items"": [
    {
      ""item_no"": ""1."",
      ""description"": ""Sony WH-1000XM5 Wireless Headphones"",
      ""quantity"": ""6.00"",
      ""unit_measure"": ""pcs"",
      ""net_price"": ""34,844.00"",
      ""net_worth"": ""209,064.00"",
      ""vat_pct"": ""10%"",
      ""gross_worth"": ""229,970.40""
    },
    {
      ""item_no"": ""2."",
      ""description"": ""Western Digital 2TB My Passport HDD"",
      ""quantity"": ""7.00"",
      ""unit_measure"": ""pcs"",
      ""net_price"": ""7,692.00"",
      ""net_worth"": ""53,844.00"",
      ""vat_pct"": ""10%"",
      ""gross_worth"": ""59,228.40""
    },
    {
      ""item_no"": ""3."",
      ""description"": ""Garmin Fenix 7 Solar Multisport GPS"",
      ""quantity"": ""2.00"",
      ""unit_measure"": ""pcs"",
      ""net_price"": ""68,191.00"",
      ""net_worth"": ""136,382.00"",
      ""vat_pct"": ""10%"",
      ""gross_worth"": ""150,020.20""
    },
    {
      ""item_no"": ""4."",
      ""description"": ""Apple iPhone 15 128GB Black"",
      ""quantity"": ""4.00"",
      ""unit_measure"": ""pcs"",
      ""net_price"": ""60,670.00"",
      ""net_worth"": ""242,680.00"",
      ""vat_pct"": ""10%"",
      ""gross_worth"": ""266,948.00""
    }
  ],
  ""summary"": {
    ""vat_pct"": ""10%"",
    ""net_worth"": ""641,970.00"",
    ""vat_amount"": ""64,197.00"",
    ""gross_worth"": ""706,167.00"",
    ""total_net_worth"": ""INR 641,970.00"",
    ""total_vat"": ""INR 64,197.00"",
    ""total_gross_worth"": ""INR 706,167.00""
  }
}","Invoice no: 51109348
Date of issue: 18/07/2023
Seller: Client:
TechVision Distributors Pvt Ltd Salem Electronics Point
Plot 14, MIDC Industrial Area, Andheri East 89 Omalur Main Road
Mumbai, Maharashtra - 400093 Salem, Tamil Nadu - 636004
Tax Id: 27AABCT1234F1Z5 Tax Id: 920-41-3440
GSTIN: 27AABCT1234F1Z5
ITEMS
No. Description Qty UM Net Price Net Worth VAT % Gross
Worth
1. Sony WH-1000XM5 Wireless 6.00 pcs 34,844.00 209,064.00 10% 229,970.40
Headphones
2. Western Digital 2TB My Passport HDD 7.00 pcs 7,692.00 53,844.00 10% 59,228.40
3. Garmin Fenix 7 Solar Multisport GPS 2.00 pcs 68,191.00 136,382.00 10% 150,020.20
4. Apple iPhone 15 128GB Black 4.00 pcs 60,670.00 242,680.00 10% 266,948.00
SUMMARY
VAT % Net Worth VAT Gross Worth
10% 641,970.00 64,197.00 706,167.00
Total INR 641,970.00 INR 64,197.00 INR 706,167.00"
invoice_51109349.pdf,"{
  ""invoice_no"": ""51109349"",
  ""date_of_issue"": ""14/02/2024"",
  ""seller"": {
    ""name"": ""TechVision Distributors Pvt Ltd"",
    ""address"": ""Plot 14, MIDC Industrial Area, Andheri East, Mumbai, Maharashtra - 400093"",
    ""tax_id"": ""27AABCT1234F1Z5"",
    ""gstin"": ""27AABCT1234F1Z5""
  },
  ""client"": {
    ""name"": ""Tiruchirappalli Tech Store"",
    ""address"": ""34 Bharathidasan Salai, Tiruchirappalli, Tamil Nadu - 620001"",
    ""tax_id"": ""992-18-4432""
  },
  ""items"": [
    {
      ""item_no"": ""1."",
      ""description"": ""JBL Flip 6 Portable Bluetooth Speaker"",
      ""quantity"": ""6.00"",
      ""unit_measure"": ""pcs"",
      ""net_price"": ""8,940.00"",
      ""net_worth"": ""53,640.00"",
      ""vat_pct"": ""10%"",
      ""gross_worth"": ""59,004.00""
    },
    {
      ""item_no"": ""2."",
      ""description"": ""Western Digital 2TB My Passport HDD"",
      ""quantity"": ""4.00"",
      ""unit_measure"": ""pcs"",
      ""net_price"": ""7,587.00"",
      ""net_worth"": ""30,348.00"",
      ""vat_pct"": ""10%"",
      ""gross_worth"": ""33,382.80""
    },
    {
      ""item_no"": ""3."",
      ""description"": ""DJI Mini 3 Pro Fly More Combo Drone"",
      ""quantity"": ""7.00"",
      ""unit_measure"": ""pcs"",
      ""net_price"": ""113,376.00"",
      ""net_worth"": ""793,632.00"",
      ""vat_pct"": ""10%"",
      ""gross_worth"": ""872,995.20""
    }
  ],
  ""summary"": {
    ""vat_pct"": ""10%"",
    ""net_worth"": ""877,620.00"",
    ""vat_amount"": ""87,762.00"",
    ""gross_worth"": ""965,382.00"",
    ""total_net_worth"": ""INR 877,620.00"",
    ""total_vat"": ""INR 87,762.00"",
    ""total_gross_worth"": ""INR 965,382.00""
  }
}","Invoice no: 51109349
Date of issue: 14/02/2024
Seller: Client:
TechVision Distributors Pvt Ltd Tiruchirappalli Tech Store
Plot 14, MIDC Industrial Area, Andheri East 34 Bharathidasan Salai
Mumbai, Maharashtra - 400093 Tiruchirappalli, Tamil Nadu - 620001
Tax Id: 27AABCT1234F1Z5 Tax Id: 992-18-4432
GSTIN: 27AABCT1234F1Z5
ITEMS
No. Description Qty UM Net Price Net Worth VAT % Gross
Worth
1. JBL Flip 6 Portable Bluetooth Speaker 6.00 pcs 8,940.00 53,640.00 10% 59,004.00
2. Western Digital 2TB My Passport HDD 4.00 pcs 7,587.00 30,348.00 10% 33,382.80
3. DJI Mini 3 Pro Fly More Combo Drone 7.00 pcs 113,376.00 793,632.00 10% 872,995.20
SUMMARY
VAT % Net Worth VAT Gross Worth
10% 877,620.00 87,762.00 965,382.00
Total INR 877,620.00 INR 87,762.00 INR 965,382.00"
invoice_51109350.pdf,"{
  ""invoice_no"": ""51109350"",
  ""date_of_issue"": ""18/02/2024"",
  ""seller"": {
    ""name"": ""TechVision Distributors Pvt Ltd"",
    ""address"": ""Plot 14, MIDC Industrial Area, Andheri East, Mumbai, Maharashtra - 400093"",
    ""tax_id"": ""27AABCT1234F1Z5"",
    ""gstin"": ""27AABCT1234F1Z5""
  },
  ""client"": {
    ""name"": ""Guntur Smart Devices"",
    ""address"": ""56 Brodipet 4th Lane, Guntur, Andhra Pradesh - 522002"",
    ""tax_id"": ""437-23-8681""
  },
  ""items"": [
    {
      ""item_no"": ""1."",
      ""description"": ""Apple AirPods Pro 2nd Gen USB-C"",
      ""quantity"": ""10.00"",
      ""unit_measure"": ""pcs"",
      ""net_price"": ""21,811.00"",
      ""net_worth"": ""218,110.00"",
      ""vat_pct"": ""10%"",
      ""gross_worth"": ""239,921.00""
    }
  ],
  ""summary"": {
    ""vat_pct"": ""10%"",
    ""net_worth"": ""218,110.00"",
    ""vat_amount"": ""21,811.00"",
    ""gross_worth"": ""239,921.00"",
    ""total_net_worth"": ""INR 218,110.00"",
    ""total_vat"": ""INR 21,811.00"",
    ""total_gross_worth"": ""INR 239,921.00""
  }
}","Invoice no: 51109350
Date of issue: 18/02/2024
Seller: Client:
TechVision Distributors Pvt Ltd Guntur Smart Devices
Plot 14, MIDC Industrial Area, Andheri East 56 Brodipet 4th Lane
Mumbai, Maharashtra - 400093 Guntur, Andhra Pradesh - 522002
Tax Id: 27AABCT1234F1Z5 Tax Id: 437-23-8681
GSTIN: 27AABCT1234F1Z5
ITEMS
No. Description Qty UM Net Price Net Worth VAT % Gross
Worth
1. Apple AirPods Pro 2nd Gen USB-C 10.00 pcs 21,811.00 218,110.00 10% 239,921.00
SUMMARY
VAT % Net Worth VAT Gross Worth
10% 218,110.00 21,811.00 239,921.00
Total INR 218,110.00 INR 21,811.00 INR 239,921.00"
invoice_51109351.pdf,"{
  ""invoice_no"": ""51109351"",
  ""date_of_issue"": ""28/05/2023"",
  ""seller"": {
    ""name"": ""TechVision Distributors Pvt Ltd"",
    ""address"": ""Plot 14, MIDC Industrial Area, Andheri East, Mumbai, Maharashtra - 400093"",
    ""tax_id"": ""27AABCT1234F1Z5"",
    ""gstin"": ""27AABCT1234F1Z5""
  },
  ""client"": {
    ""name"": ""Raj Electronics Pvt Ltd"",
    ""address"": ""42 MG Road, Bengaluru, Karnataka - 560001"",
    ""tax_id"": ""705-12-2049""
  },
  ""items"": [
    {
      ""item_no"": ""1."",
      ""description"": ""LG UltraGear 27 inch 165Hz Gaming Monitor"",
      ""quantity"": ""9.00"",
      ""unit_measure"": ""pcs"",
      ""net_price"": ""30,721.00"",
      ""net_worth"": ""276,489.00"",
      ""vat_pct"": ""10%"",
      ""gross_worth"": ""304,137.90""
    },
    {
      ""item_no"": ""2."",
      ""description"": ""Lenovo IdeaPad Slim 5 i5 16GB 512GB"",
      ""quantity"": ""2.00"",
      ""unit_measure"": ""pcs"",
      ""net_price"": ""70,672.00"",
      ""net_worth"": ""141,344.00"",
      ""vat_pct"": ""10%"",
      ""gross_worth"": ""155,478.40""
    }
  ],
  ""summary"": {
    ""vat_pct"": ""10%"",
    ""net_worth"": ""417,833.00"",
    ""vat_amount"": ""41,783.30"",
    ""gross_worth"": ""459,616.30"",
    ""total_net_worth"": ""INR 417,833.00"",
    ""total_vat"": ""INR 41,783.30"",
    ""total_gross_worth"": ""INR 459,616.30""
  }
}","Invoice no: 51109351
Date of issue: 28/05/2023
Seller: Client:
TechVision Distributors Pvt Ltd Raj Electronics Pvt Ltd
Plot 14, MIDC Industrial Area, Andheri East 42 MG Road
Mumbai, Maharashtra - 400093 Bengaluru, Karnataka - 560001
Tax Id: 27AABCT1234F1Z5 Tax Id: 705-12-2049
GSTIN: 27AABCT1234F1Z5
ITEMS
No. Description Qty UM Net Price Net Worth VAT % Gross
Worth
1. LG UltraGear 27 inch 165Hz Gaming 9.00 pcs 30,721.00 276,489.00 10% 304,137.90
Monitor
2. Lenovo IdeaPad Slim 5 i5 16GB 512GB 2.00 pcs 70,672.00 141,344.00 10% 155,478.40
SUMMARY
VAT % Net Worth VAT Gross Worth
10% 417,833.00 41,783.30 459,616.30
Total INR 417,833.00 INR 41,783.30 INR 459,616.30"
invoice_51109352.pdf,"{
  ""invoice_no"": ""51109352"",
  ""date_of_issue"": ""16/06/2023"",
  ""seller"": {
    ""name"": ""TechVision Distributors Pvt Ltd"",
    ""address"": ""Plot 14, MIDC Industrial Area, Andheri East, Mumbai, Maharashtra - 400093"",
    ""tax_id"": ""27AABCT1234F1Z5"",
    ""gstin"": ""27AABCT1234F1Z5""
  },
  ""client"": {
    ""name"": ""Sharma Tech Solutions"",
    ""address"": ""15 Connaught Place, New Delhi, Delhi - 110001"",
    ""tax_id"": ""523-47-2956""
  },
  ""items"": [
    {
      ""item_no"": ""1."",
      ""description"": ""Philips Hue White Ambiance Starter Kit"",
      ""quantity"": ""4.00"",
      ""unit_measure"": ""pcs"",
      ""net_price"": ""8,207.00"",
      ""net_worth"": ""32,828.00"",
      ""vat_pct"": ""10%"",
      ""gross_worth"": ""36,110.80""
    },
    {
      ""item_no"": ""2."",
      ""description"": ""Apple Watch Series 9 GPS 45mm Midnight"",
      ""quantity"": ""1.00"",
      ""unit_measure"": ""pcs"",
      ""net_price"": ""53,791.00"",
      ""net_worth"": ""53,791.00"",
      ""vat_pct"": ""10%"",
      ""gross_worth"": ""59,170.10""
    },
    {
      ""item_no"": ""3."",
      ""description"": ""Realme GT 5 Pro 256GB Navigator Beige"",
      ""quantity"": ""8.00"",
      ""unit_measure"": ""pcs"",
      ""net_price"": ""44,453.00"",
      ""net_worth"": ""355,624.00"",
      ""vat_pct"": ""10%"",
      ""gross_worth"": ""391,186.40""
    }
  ],
  ""summary"": {
    ""vat_pct"": ""10%"",
    ""net_worth"": ""442,243.00"",
    ""vat_amount"": ""44,224.30"",
    ""gross_worth"": ""486,467.30"",
    ""total_net_worth"": ""INR 442,243.00"",
    ""total_vat"": ""INR 44,224.30"",
    ""total_gross_worth"": ""INR 486,467.30""
  }
}","Invoice no: 51109352
Date of issue: 16/06/2023
Seller: Client:
TechVision Distributors Pvt Ltd Sharma Tech Solutions
Plot 14, MIDC Industrial Area, Andheri East 15 Connaught Place
Mumbai, Maharashtra - 400093 New Delhi, Delhi - 110001
Tax Id: 27AABCT1234F1Z5 Tax Id: 523-47-2956
GSTIN: 27AABCT1234F1Z5
ITEMS
No. Description Qty UM Net Price Net Worth VAT % Gross
Worth
1. Philips Hue White Ambiance Starter Kit 4.00 pcs 8,207.00 32,828.00 10% 36,110.80
2. Apple Watch Series 9 GPS 45mm 1.00 pcs 53,791.00 53,791.00 10% 59,170.10
Midnight
3. Realme GT 5 Pro 256GB Navigator Beige 8.00 pcs 44,453.00 355,624.00 10% 391,186.40
SUMMARY
VAT % Net Worth VAT Gross Worth
10% 442,243.00 44,224.30 486,467.30
Total INR 442,243.00 INR 44,224.30 INR 486,467.30"
invoice_51109353.pdf,"{
  ""invoice_no"": ""51109353"",
  ""date_of_issue"": ""13/08/2023"",
  ""seller"": {
    ""name"": ""TechVision Distributors Pvt Ltd"",
    ""address"": ""Plot 14, MIDC Industrial Area, Andheri East, Mumbai, Maharashtra - 400093"",
    ""tax_id"": ""27AABCT1234F1Z5"",
    ""gstin"": ""27AABCT1234F1Z5""
  },
  ""client"": {
    ""name"": ""Mumbai Gadget House"",
    ""address"": ""78 Linking Road, Mumbai, Maharashtra - 400050"",
    ""tax_id"": ""300-12-4848""
  },
  ""items"": [
    {
      ""item_no"": ""1."",
      ""description"": ""Samsung Galaxy Buds2 Pro Graphite"",
      ""quantity"": ""10.00"",
      ""unit_measure"": ""pcs"",
      ""net_price"": ""14,361.00"",
      ""net_worth"": ""143,610.00"",
      ""vat_pct"": ""10%"",
      ""gross_worth"": ""157,971.00""
    },
    {
      ""item_no"": ""2."",
      ""description"": ""Belkin MagSafe 3-in-1 Wireless Charger"",
      ""quantity"": ""6.00"",
      ""unit_measure"": ""pcs"",
      ""net_price"": ""6,703.00"",
      ""net_worth"": ""40,218.00"",
      ""vat_pct"": ""10%"",
      ""gross_worth"": ""44,239.80""
    },
    {
      ""item_no"": ""3."",
      ""description"": ""Samsung Galaxy Watch6 Classic 47mm"",
      ""quantity"": ""2.00"",
      ""unit_measure"": ""pcs"",
      ""net_price"": ""27,550.00"",
      ""net_worth"": ""55,100.00"",
      ""vat_pct"": ""10%"",
      ""gross_worth"": ""60,610.00""
    },
    {
      ""item_no"": ""4."",
      ""description"": ""TP-Link Archer AX73 WiFi 6 Router"",
      ""quantity"": ""3.00"",
      ""unit_measure"": ""pcs"",
      ""net_price"": ""12,264.00"",
      ""net_worth"": ""36,792.00"",
      ""vat_pct"": ""10%"",
      ""gross_worth"": ""40,471.20""
    },
    {
      ""item_no"": ""5."",
      ""description"": ""Apple AirPods Pro 2nd Gen USB-C"",
      ""quantity"": ""10.00"",
      ""unit_measure"": ""pcs"",
      ""net_price"": ""21,277.00"",
      ""net_worth"": ""212,770.00"",
      ""vat_pct"": ""10%"",
      ""gross_worth"": ""234,047.00""
    }
  ],
  ""summary"": {
    ""vat_pct"": ""10%"",
    ""net_worth"": ""488,490.00"",
    ""vat_amount"": ""48,849.00"",
    ""gross_worth"": ""537,339.00"",
    ""total_net_worth"": ""INR 488,490.00"",
    ""total_vat"": ""INR 48,849.00"",
    ""total_gross_worth"": ""INR 537,339.00""
  }
}","Invoice no: 51109353
Date of issue: 13/08/2023
Seller: Client:
TechVision Distributors Pvt Ltd Mumbai Gadget House
Plot 14, MIDC Industrial Area, Andheri East 78 Linking Road
Mumbai, Maharashtra - 400093 Mumbai, Maharashtra - 400050
Tax Id: 27AABCT1234F1Z5 Tax Id: 300-12-4848
GSTIN: 27AABCT1234F1Z5
ITEMS
No. Description Qty UM Net Price Net Worth VAT % Gross
Worth
1. Samsung Galaxy Buds2 Pro Graphite 10.00 pcs 14,361.00 143,610.00 10% 157,971.00
2. Belkin MagSafe 3-in-1 Wireless Charger 6.00 pcs 6,703.00 40,218.00 10% 44,239.80
3. Samsung Galaxy Watch6 Classic 47mm 2.00 pcs 27,550.00 55,100.00 10% 60,610.00
4. TP-Link Archer AX73 WiFi 6 Router 3.00 pcs 12,264.00 36,792.00 10% 40,471.20
5. Apple AirPods Pro 2nd Gen USB-C 10.00 pcs 21,277.00 212,770.00 10% 234,047.00
SUMMARY
VAT % Net Worth VAT Gross Worth
10% 488,490.00 48,849.00 537,339.00
Total INR 488,490.00 INR 48,849.00 INR 537,339.00"
invoice_51109354.pdf,"{
  ""invoice_no"": ""51109354"",
  ""date_of_issue"": ""15/03/2024"",
  ""seller"": {
    ""name"": ""TechVision Distributors Pvt Ltd"",
    ""address"": ""Plot 14, MIDC Industrial Area, Andheri East, Mumbai, Maharashtra - 400093"",
    ""tax_id"": ""27AABCT1234F1Z5"",
    ""gstin"": ""27AABCT1234F1Z5""
  },
  ""client"": {
    ""name"": ""Chennai Digital Store"",
    ""address"": ""23 Anna Salai, Chennai, Tamil Nadu - 600002"",
    ""tax_id"": ""512-39-7905""
  },
  ""items"": [
    {
      ""item_no"": ""1."",
      ""description"": ""Samsung Galaxy Buds2 Pro Graphite"",
      ""quantity"": ""1.00"",
      ""unit_measure"": ""pcs"",
      ""net_price"": ""11,314.00"",
      ""net_worth"": ""11,314.00"",
      ""vat_pct"": ""10%"",
      ""gross_worth"": ""12,445.40""
    },
    {
      ""item_no"": ""2."",
      ""description"": ""OnePlus 12 256GB Silky Black"",
      ""quantity"": ""5.00"",
      ""unit_measure"": ""pcs"",
      ""net_price"": ""68,983.00"",
      ""net_worth"": ""344,915.00"",
      ""vat_pct"": ""10%"",
      ""gross_worth"": ""379,406.50""
    },
    {
      ""item_no"": ""3."",
      ""description"": ""Western Digital 2TB My Passport HDD"",
      ""quantity"": ""8.00"",
      ""unit_measure"": ""pcs"",
      ""net_price"": ""7,098.00"",
      ""net_worth"": ""56,784.00"",
      ""vat_pct"": ""10%"",
      ""gross_worth"": ""62,462.40""
    },
    {
      ""item_no"": ""4."",
      ""description"": ""Dell 27 inch 4K USB-C IPS Monitor"",
      ""quantity"": ""7.00"",
      ""unit_measure"": ""pcs"",
      ""net_price"": ""47,800.00"",
      ""net_worth"": ""334,600.00"",
      ""vat_pct"": ""10%"",
      ""gross_worth"": ""368,060.00""
    }
  ],
  ""summary"": {
    ""vat_pct"": ""10%"",
    ""net_worth"": ""747,613.00"",
    ""vat_amount"": ""74,761.30"",
    ""gross_worth"": ""822,374.30"",
    ""total_net_worth"": ""INR 747,613.00"",
    ""total_vat"": ""INR 74,761.30"",
    ""total_gross_worth"": ""INR 822,374.30""
  }
}","Invoice no: 51109354
Date of issue: 15/03/2024
Seller: Client:
TechVision Distributors Pvt Ltd Chennai Digital Store
Plot 14, MIDC Industrial Area, Andheri East 23 Anna Salai
Mumbai, Maharashtra - 400093 Chennai, Tamil Nadu - 600002
Tax Id: 27AABCT1234F1Z5 Tax Id: 512-39-7905
GSTIN: 27AABCT1234F1Z5
ITEMS
No. Description Qty UM Net Price Net Worth VAT % Gross
Worth
1. Samsung Galaxy Buds2 Pro Graphite 1.00 pcs 11,314.00 11,314.00 10% 12,445.40
2. OnePlus 12 256GB Silky Black 5.00 pcs 68,983.00 344,915.00 10% 379,406.50
3. Western Digital 2TB My Passport HDD 8.00 pcs 7,098.00 56,784.00 10% 62,462.40
4. Dell 27 inch 4K USB-C IPS Monitor 7.00 pcs 47,800.00 334,600.00 10% 368,060.00
SUMMARY
VAT % Net Worth VAT Gross Worth
10% 747,613.00 74,761.30 822,374.30
Total INR 747,613.00 INR 74,761.30 INR 822,374.30"
invoice_51109355.pdf,"{
  ""invoice_no"": ""51109355"",
  ""date_of_issue"": ""08/01/2024"",
  ""seller"": {
    ""name"": ""TechVision Distributors Pvt Ltd"",
    ""address"": ""Plot 14, MIDC Industrial Area, Andheri East, Mumbai, Maharashtra - 400093"",
    ""tax_id"": ""27AABCT1234F1Z5"",
    ""gstin"": ""27AABCT1234F1Z5""
  },
  ""client"": {
    ""name"": ""Hyderabad IT Traders"",
    ""address"": ""56 Jubilee Hills, Hyderabad, Telangana - 500033"",
    ""tax_id"": ""718-46-9222""
  },
  ""items"": [
    {
      ""item_no"": ""1."",
      ""description"": ""Sony Bravia 55 inch 4K OLED TV"",
      ""quantity"": ""8.00"",
      ""unit_measure"": ""pcs"",
      ""net_price"": ""108,225.00"",
      ""net_worth"": ""865,800.00"",
      ""vat_pct"": ""10%"",
      ""gross_worth"": ""952,380.00""
    },
    {
      ""item_no"": ""2."",
      ""description"": ""Asus VivoBook 16 Ryzen 7 16GB 512GB"",
      ""quantity"": ""1.00"",
      ""unit_measure"": ""pcs"",
      ""net_price"": ""79,387.00"",
      ""net_worth"": ""79,387.00"",
      ""vat_pct"": ""10%"",
      ""gross_worth"": ""87,325.70""
    },
    {
      ""item_no"": ""3."",
      ""description"": ""Philips Hue White Ambiance Starter Kit"",
      ""quantity"": ""7.00"",
      ""unit_measure"": ""pcs"",
      ""net_price"": ""8,113.00"",
      ""net_worth"": ""56,791.00"",
      ""vat_pct"": ""10%"",
      ""gross_worth"": ""62,470.10""
    },
    {
      ""item_no"": ""4."",
      ""description"": ""Belkin MagSafe 3-in-1 Wireless Charger"",
      ""quantity"": ""7.00"",
      ""unit_measure"": ""pcs"",
      ""net_price"": ""6,096.00"",
      ""net_worth"": ""42,672.00"",
      ""vat_pct"": ""10%"",
      ""gross_worth"": ""46,939.20""
    },
    {
      ""item_no"": ""5."",
      ""description"": ""Keychron K8 Pro Mechanical Keyboard"",
      ""quantity"": ""5.00"",
      ""unit_measure"": ""pcs"",
      ""net_price"": ""10,107.00"",
      ""net_worth"": ""50,535.00"",
      ""vat_pct"": ""10%"",
      ""gross_worth"": ""55,588.50""
    },
    {
      ""item_no"": ""6."",
      ""description"": ""Garmin Fenix 7 Solar Multisport GPS"",
      ""quantity"": ""8.00"",
      ""unit_measure"": ""pcs"",
      ""net_price"": ""81,970.00"",
      ""net_worth"": ""655,760.00"",
      ""vat_pct"": ""10%"",
      ""gross_worth"": ""721,336.00""
    }
  ],
  ""summary"": {
    ""vat_pct"": ""10%"",
    ""net_worth"": ""1,750,945.00"",
    ""vat_amount"": ""175,094.50"",
    ""gross_worth"": ""1,926,039.50"",
    ""total_net_worth"": ""INR 1,750,945.00"",
    ""total_vat"": ""INR 175,094.50"",
    ""total_gross_worth"": ""INR 1,926,039.50""
  }
}","Invoice no: 51109355
Date of issue: 08/01/2024
Seller: Client:
TechVision Distributors Pvt Ltd Hyderabad IT Traders
Plot 14, MIDC Industrial Area, Andheri East 56 Jubilee Hills
Mumbai, Maharashtra - 400093 Hyderabad, Telangana - 500033
Tax Id: 27AABCT1234F1Z5 Tax Id: 718-46-9222
GSTIN: 27AABCT1234F1Z5
ITEMS
No. Description Qty UM Net Price Net Worth VAT % Gross
Worth
1. Sony Bravia 55 inch 4K OLED TV 8.00 pcs 108,225.00 865,800.00 10% 952,380.00
2. Asus VivoBook 16 Ryzen 7 16GB 512GB 1.00 pcs 79,387.00 79,387.00 10% 87,325.70
3. Philips Hue White Ambiance Starter Kit 7.00 pcs 8,113.00 56,791.00 10% 62,470.10
4. Belkin MagSafe 3-in-1 Wireless Charger 7.00 pcs 6,096.00 42,672.00 10% 46,939.20
5. Keychron K8 Pro Mechanical Keyboard 5.00 pcs 10,107.00 50,535.00 10% 55,588.50
6. Garmin Fenix 7 Solar Multisport GPS 8.00 pcs 81,970.00 655,760.00 10% 721,336.00
SUMMARY
VAT % Net Worth VAT Gross Worth
10% 1,750,945.00 175,094.50 1,926,039.50
INR
Total INR 1,750,945.00 INR 1,926,039.50
175,094.50"
invoice_51109356.pdf,"{
  ""invoice_no"": ""51109356"",
  ""date_of_issue"": ""15/03/2024"",
  ""seller"": {
    ""name"": ""TechVision Distributors Pvt Ltd"",
    ""address"": ""Plot 14, MIDC Industrial Area, Andheri East, Mumbai, Maharashtra - 400093"",
    ""tax_id"": ""27AABCT1234F1Z5"",
    ""gstin"": ""27AABCT1234F1Z5""
  },
  ""client"": {
    ""name"": ""Kolkata Electronics Hub"",
    ""address"": ""34 Park Street, Kolkata, West Bengal - 700016"",
    ""tax_id"": ""301-34-9630""
  },
  ""items"": [
    {
      ""item_no"": ""1."",
      ""description"": ""GoPro Hero 12 Black Action Camera"",
      ""quantity"": ""1.00"",
      ""unit_measure"": ""pcs"",
      ""net_price"": ""36,023.00"",
      ""net_worth"": ""36,023.00"",
      ""vat_pct"": ""10%"",
      ""gross_worth"": ""39,625.30""
    },
    {
      ""item_no"": ""2."",
      ""description"": ""Apple Watch Series 9 GPS 45mm Midnight"",
      ""quantity"": ""4.00"",
      ""unit_measure"": ""pcs"",
      ""net_price"": ""53,790.00"",
      ""net_worth"": ""215,160.00"",
      ""vat_pct"": ""10%"",
      ""gross_worth"": ""236,676.00""
    },
    {
      ""item_no"": ""3."",
      ""description"": ""HP Pavilion 15 Ryzen 5 8GB 512GB"",
      ""quantity"": ""2.00"",
      ""unit_measure"": ""pcs"",
      ""net_price"": ""65,738.00"",
      ""net_worth"": ""131,476.00"",
      ""vat_pct"": ""10%"",
      ""gross_worth"": ""144,623.60""
    },
    {
      ""item_no"": ""4."",
      ""description"": ""Samsung 65 inch QLED 4K Smart TV"",
      ""quantity"": ""6.00"",
      ""unit_measure"": ""pcs"",
      ""net_price"": ""111,443.00"",
      ""net_worth"": ""668,658.00"",
      ""vat_pct"": ""10%"",
      ""gross_worth"": ""735,523.80""
    },
    {
      ""item_no"": ""5."",
      ""description"": ""JBL Flip 6 Portable Bluetooth Speaker"",
      ""quantity"": ""6.00"",
      ""unit_measure"": ""pcs"",
      ""net_price"": ""11,936.00"",
      ""net_worth"": ""71,616.00"",
      ""vat_pct"": ""10%"",
      ""gross_worth"": ""78,777.60""
    },
    {
      ""item_no"": ""6."",
      ""description"": ""Logitech MX Master 3S Wireless Mouse"",
      ""quantity"": ""9.00"",
      ""unit_measure"": ""pcs"",
      ""net_price"": ""11,123.00"",
      ""net_worth"": ""100,107.00"",
      ""vat_pct"": ""10%"",
      ""gross_worth"": ""110,117.70""
    },
    {
      ""item_no"": ""7."",
      ""description"": ""Lenovo Tab P12 Pro 256GB Storm Grey"",
      ""quantity"": ""9.00"",
      ""unit_measure"": ""pcs"",
      ""net_price"": ""43,590.00"",
      ""net_worth"": ""392,310.00"",
      ""vat_pct"": ""10%"",
      ""gross_worth"": ""431,541.00""
    }
  ],
  ""summary"": {
    ""vat_pct"": ""10%"",
    ""net_worth"": ""1,615,350.00"",
    ""vat_amount"": ""161,535.00"",
    ""gross_worth"": ""1,776,885.00"",
    ""total_net_worth"": ""INR 1,615,350.00"",
    ""total_vat"": ""INR 161,535.00"",
    ""total_gross_worth"": ""INR 1,776,885.00""
  }
}","Invoice no: 51109356
Date of issue: 15/03/2024
Seller: Client:
TechVision Distributors Pvt Ltd Kolkata Electronics Hub
Plot 14, MIDC Industrial Area, Andheri East 34 Park Street
Mumbai, Maharashtra - 400093 Kolkata, West Bengal - 700016
Tax Id: 27AABCT1234F1Z5 Tax Id: 301-34-9630
GSTIN: 27AABCT1234F1Z5
ITEMS
No. Description Qty UM Net Price Net Worth VAT % Gross
Worth
1. GoPro Hero 12 Black Action Camera 1.00 pcs 36,023.00 36,023.00 10% 39,625.30
2. Apple Watch Series 9 GPS 45mm 4.00 pcs 53,790.00 215,160.00 10% 236,676.00
Midnight
3. HP Pavilion 15 Ryzen 5 8GB 512GB 2.00 pcs 65,738.00 131,476.00 10% 144,623.60
4. Samsung 65 inch QLED 4K Smart TV 6.00 pcs 111,443.00 668,658.00 10% 735,523.80
5. JBL Flip 6 Portable Bluetooth Speaker 6.00 pcs 11,936.00 71,616.00 10% 78,777.60
6. Logitech MX Master 3S Wireless Mouse 9.00 pcs 11,123.00 100,107.00 10% 110,117.70
7. Lenovo Tab P12 Pro 256GB Storm Grey 9.00 pcs 43,590.00 392,310.00 10% 431,541.00
SUMMARY
VAT % Net Worth VAT Gross Worth
10% 1,615,350.00 161,535.00 1,776,885.00
INR
Total INR 1,615,350.00 INR 1,776,885.00
161,535.00"
invoice_51109357.pdf,"{
  ""invoice_no"": ""51109357"",
  ""date_of_issue"": ""03/04/2024"",
  ""seller"": {
    ""name"": ""TechVision Distributors Pvt Ltd"",
    ""address"": ""Plot 14, MIDC Industrial Area, Andheri East, Mumbai, Maharashtra - 400093"",
    ""tax_id"": ""27AABCT1234F1Z5"",
    ""gstin"": ""27AABCT1234F1Z5""
  },
  ""client"": {
    ""name"": ""Jaipur Smart Devices"",
    ""address"": ""89 MI Road, Jaipur, Rajasthan - 302001"",
    ""tax_id"": ""297-14-1435""
  },
  ""items"": [
    {
      ""item_no"": ""1."",
      ""description"": ""Garmin Fenix 7 Solar Multisport GPS"",
      ""quantity"": ""2.00"",
      ""unit_measure"": ""pcs"",
      ""net_price"": ""66,281.00"",
      ""net_worth"": ""132,562.00"",
      ""vat_pct"": ""10%"",
      ""gross_worth"": ""145,818.20""
    },
    {
      ""item_no"": ""2."",
      ""description"": ""HP Pavilion 15 Ryzen 5 8GB 512GB"",
      ""quantity"": ""7.00"",
      ""unit_measure"": ""pcs"",
      ""net_price"": ""62,076.00"",
      ""net_worth"": ""434,532.00"",
      ""vat_pct"": ""10%"",
      ""gross_worth"": ""477,985.20""
    },
    {
      ""item_no"": ""3."",
      ""description"": ""Realme GT 5 Pro 256GB Navigator Beige"",
      ""quantity"": ""8.00"",
      ""unit_measure"": ""pcs"",
      ""net_price"": ""48,833.00"",
      ""net_worth"": ""390,664.00"",
      ""vat_pct"": ""10%"",
      ""gross_worth"": ""429,730.40""
    },
    {
      ""item_no"": ""4."",
      ""description"": ""Boat Rockerz 550 Bluetooth Headphones"",
      ""quantity"": ""4.00"",
      ""unit_measure"": ""pcs"",
      ""net_price"": ""2,693.00"",
      ""net_worth"": ""10,772.00"",
      ""vat_pct"": ""10%"",
      ""gross_worth"": ""11,849.20""
    },
    {
      ""item_no"": ""5."",
      ""description"": ""LG 43 inch 4K UHD Smart WebOS TV"",
      ""quantity"": ""5.00"",
      ""unit_measure"": ""pcs"",
      ""net_price"": ""37,576.00"",
      ""net_worth"": ""187,880.00"",
      ""vat_pct"": ""10%"",
      ""gross_worth"": ""206,668.00""
    },
    {
      ""item_no"": ""6."",
      ""description"": ""Keychron K8 Pro Mechanical Keyboard"",
      ""quantity"": ""3.00"",
      ""unit_measure"": ""pcs"",
      ""net_price"": ""11,234.00"",
      ""net_worth"": ""33,702.00"",
      ""vat_pct"": ""10%"",
      ""gross_worth"": ""37,072.20""
    }
  ],
  ""summary"": {
    ""vat_pct"": ""10%"",
    ""net_worth"": ""1,190,112.00"",
    ""vat_amount"": ""119,011.20"",
    ""gross_worth"": ""1,309,123.20"",
    ""total_net_worth"": ""INR 1,190,112.00"",
    ""total_vat"": ""INR 119,011.20"",
    ""total_gross_worth"": ""INR 1,309,123.20""
  }
}","Invoice no: 51109357
Date of issue: 03/04/2024
Seller: Client:
TechVision Distributors Pvt Ltd Jaipur Smart Devices
Plot 14, MIDC Industrial Area, Andheri East 89 MI Road
Mumbai, Maharashtra - 400093 Jaipur, Rajasthan - 302001
Tax Id: 27AABCT1234F1Z5 Tax Id: 297-14-1435
GSTIN: 27AABCT1234F1Z5
ITEMS
No. Description Qty UM Net Price Net Worth VAT % Gross
Worth
1. Garmin Fenix 7 Solar Multisport GPS 2.00 pcs 66,281.00 132,562.00 10% 145,818.20
2. HP Pavilion 15 Ryzen 5 8GB 512GB 7.00 pcs 62,076.00 434,532.00 10% 477,985.20
3. Realme GT 5 Pro 256GB Navigator Beige 8.00 pcs 48,833.00 390,664.00 10% 429,730.40
4. Boat Rockerz 550 Bluetooth Headphones 4.00 pcs 2,693.00 10,772.00 10% 11,849.20
5. LG 43 inch 4K UHD Smart WebOS TV 5.00 pcs 37,576.00 187,880.00 10% 206,668.00
6. Keychron K8 Pro Mechanical Keyboard 3.00 pcs 11,234.00 33,702.00 10% 37,072.20
SUMMARY
VAT % Net Worth VAT Gross Worth
10% 1,190,112.00 119,011.20 1,309,123.20
INR
Total INR 1,190,112.00 INR 1,309,123.20
119,011.20"
invoice_51109358.pdf,"{
  ""invoice_no"": ""51109358"",
  ""date_of_issue"": ""01/01/2024"",
  ""seller"": {
    ""name"": ""TechVision Distributors Pvt Ltd"",
    ""address"": ""Plot 14, MIDC Industrial Area, Andheri East, Mumbai, Maharashtra - 400093"",
    ""tax_id"": ""27AABCT1234F1Z5"",
    ""gstin"": ""27AABCT1234F1Z5""
  },
  ""client"": {
    ""name"": ""Ahmedabad Tech World"",
    ""address"": ""12 CG Road, Ahmedabad, Gujarat - 380009"",
    ""tax_id"": ""295-27-2874""
  },
  ""items"": [
    {
      ""item_no"": ""1."",
      ""description"": ""Apple Watch Series 9 GPS 45mm Midnight"",
      ""quantity"": ""8.00"",
      ""unit_measure"": ""pcs"",
      ""net_price"": ""50,214.00"",
      ""net_worth"": ""401,712.00"",
      ""vat_pct"": ""10%"",
      ""gross_worth"": ""441,883.20""
    },
    {
      ""item_no"": ""2."",
      ""description"": ""Lenovo IdeaPad Slim 5 i5 16GB 512GB"",
      ""quantity"": ""9.00"",
      ""unit_measure"": ""pcs"",
      ""net_price"": ""78,218.00"",
      ""net_worth"": ""703,962.00"",
      ""vat_pct"": ""10%"",
      ""gross_worth"": ""774,358.20""
    },
    {
      ""item_no"": ""3."",
      ""description"": ""Anker 65W GaN USB-C 3-Port Charger"",
      ""quantity"": ""10.00"",
      ""unit_measure"": ""pcs"",
      ""net_price"": ""2,571.00"",
      ""net_worth"": ""25,710.00"",
      ""vat_pct"": ""10%"",
      ""gross_worth"": ""28,281.00""
    },
    {
      ""item_no"": ""4."",
      ""description"": ""Apple MacBook Air M2 8GB 256GB Silver"",
      ""quantity"": ""3.00"",
      ""unit_measure"": ""pcs"",
      ""net_price"": ""100,305.00"",
      ""net_worth"": ""300,915.00"",
      ""vat_pct"": ""10%"",
      ""gross_worth"": ""331,006.50""
    },
    {
      ""item_no"": ""5."",
      ""description"": ""Xiaomi 14 Pro 512GB White"",
      ""quantity"": ""9.00"",
      ""unit_measure"": ""pcs"",
      ""net_price"": ""74,628.00"",
      ""net_worth"": ""671,652.00"",
      ""vat_pct"": ""10%"",
      ""gross_worth"": ""738,817.20""
    },
    {
      ""item_no"": ""6."",
      ""description"": ""Sony WH-1000XM5 Wireless Headphones"",
      ""quantity"": ""7.00"",
      ""unit_measure"": ""pcs"",
      ""net_price"": ""32,631.00"",
      ""net_worth"": ""228,417.00"",
      ""vat_pct"": ""10%"",
      ""gross_worth"": ""251,258.70""
    }
  ],
  ""summary"": {
    ""vat_pct"": ""10%"",
    ""net_worth"": ""2,332,368.00"",
    ""vat_amount"": ""233,236.80"",
    ""gross_worth"": ""2,565,604.80"",
    ""total_net_worth"": ""INR 2,332,368.00"",
    ""total_vat"": ""INR 233,236.80"",
    ""total_gross_worth"": ""INR 2,565,604.80""
  }
}","Invoice no: 51109358
Date of issue: 01/01/2024
Seller: Client:
TechVision Distributors Pvt Ltd Ahmedabad Tech World
Plot 14, MIDC Industrial Area, Andheri East 12 CG Road
Mumbai, Maharashtra - 400093 Ahmedabad, Gujarat - 380009
Tax Id: 27AABCT1234F1Z5 Tax Id: 295-27-2874
GSTIN: 27AABCT1234F1Z5
ITEMS
No. Description Qty UM Net Price Net Worth VAT % Gross
Worth
1. Apple Watch Series 9 GPS 45mm 8.00 pcs 50,214.00 401,712.00 10% 441,883.20
Midnight
2. Lenovo IdeaPad Slim 5 i5 16GB 512GB 9.00 pcs 78,218.00 703,962.00 10% 774,358.20
3. Anker 65W GaN USB-C 3-Port Charger 10.00 pcs 2,571.00 25,710.00 10% 28,281.00
4. Apple MacBook Air M2 8GB 256GB 3.00 pcs 100,305.00 300,915.00 10% 331,006.50
Silver
5. Xiaomi 14 Pro 512GB White 9.00 pcs 74,628.00 671,652.00 10% 738,817.20
6. Sony WH-1000XM5 Wireless 7.00 pcs 32,631.00 228,417.00 10% 251,258.70
Headphones
SUMMARY
VAT % Net Worth VAT Gross Worth
10% 2,332,368.00 233,236.80 2,565,604.80
INR
Total INR 2,332,368.00 INR 2,565,604.80
233,236.80"
invoice_51109359.pdf,"{
  ""invoice_no"": ""51109359"",
  ""date_of_issue"": ""22/12/2023"",
  ""seller"": {
    ""name"": ""TechVision Distributors Pvt Ltd"",
    ""address"": ""Plot 14, MIDC Industrial Area, Andheri East, Mumbai, Maharashtra - 400093"",
    ""tax_id"": ""27AABCT1234F1Z5"",
    ""gstin"": ""27AABCT1234F1Z5""
  },
  ""client"": {
    ""name"": ""Pune Gadget Zone"",
    ""address"": ""67 FC Road, Pune, Maharashtra - 411004"",
    ""tax_id"": ""523-39-6822""
  },
  ""items"": [
    {
      ""item_no"": ""1."",
      ""description"": ""Vivo X100 Pro 256GB Asteroid Black"",
      ""quantity"": ""2.00"",
      ""unit_measure"": ""pcs"",
      ""net_price"": ""83,628.00"",
      ""net_worth"": ""167,256.00"",
      ""vat_pct"": ""10%"",
      ""gross_worth"": ""183,981.60""
    },
    {
      ""item_no"": ""2."",
      ""description"": ""Samsung T7 Shield 1TB Portable SSD"",
      ""quantity"": ""7.00"",
      ""unit_measure"": ""pcs"",
      ""net_price"": ""8,141.00"",
      ""net_worth"": ""56,987.00"",
      ""vat_pct"": ""10%"",
      ""gross_worth"": ""62,685.70""
    },
    {
      ""item_no"": ""3."",
      ""description"": ""Xiaomi 14 Pro 512GB White"",
      ""quantity"": ""5.00"",
      ""unit_measure"": ""pcs"",
      ""net_price"": ""72,821.00"",
      ""net_worth"": ""364,105.00"",
      ""vat_pct"": ""10%"",
      ""gross_worth"": ""400,515.50""
    }
  ],
  ""summary"": {
    ""vat_pct"": ""10%"",
    ""net_worth"": ""588,348.00"",
    ""vat_amount"": ""58,834.80"",
    ""gross_worth"": ""647,182.80"",
    ""total_net_worth"": ""INR 588,348.00"",
    ""total_vat"": ""INR 58,834.80"",
    ""total_gross_worth"": ""INR 647,182.80""
  }
}","Invoice no: 51109359
Date of issue: 22/12/2023
Seller: Client:
TechVision Distributors Pvt Ltd Pune Gadget Zone
Plot 14, MIDC Industrial Area, Andheri East 67 FC Road
Mumbai, Maharashtra - 400093 Pune, Maharashtra - 411004
Tax Id: 27AABCT1234F1Z5 Tax Id: 523-39-6822
GSTIN: 27AABCT1234F1Z5
ITEMS
No. Description Qty UM Net Price Net Worth VAT % Gross
Worth
1. Vivo X100 Pro 256GB Asteroid Black 2.00 pcs 83,628.00 167,256.00 10% 183,981.60
2. Samsung T7 Shield 1TB Portable SSD 7.00 pcs 8,141.00 56,987.00 10% 62,685.70
3. Xiaomi 14 Pro 512GB White 5.00 pcs 72,821.00 364,105.00 10% 400,515.50
SUMMARY
VAT % Net Worth VAT Gross Worth
10% 588,348.00 58,834.80 647,182.80
Total INR 588,348.00 INR 58,834.80 INR 647,182.80"
invoice_51109360.pdf,"{
  ""invoice_no"": ""51109360"",
  ""date_of_issue"": ""29/03/2024"",
  ""seller"": {
    ""name"": ""TechVision Distributors Pvt Ltd"",
    ""address"": ""Plot 14, MIDC Industrial Area, Andheri East, Mumbai, Maharashtra - 400093"",
    ""tax_id"": ""27AABCT1234F1Z5"",
    ""gstin"": ""27AABCT1234F1Z5""
  },
  ""client"": {
    ""name"": ""Surat Digital Mall"",
    ""address"": ""45 Ring Road, Surat, Gujarat - 395002"",
    ""tax_id"": ""665-82-1005""
  },
  ""items"": [
    {
      ""item_no"": ""1."",
      ""description"": ""Samsung Galaxy S24 256GB Phantom Black"",
      ""quantity"": ""9.00"",
      ""unit_measure"": ""pcs"",
      ""net_price"": ""83,541.00"",
      ""net_worth"": ""751,869.00"",
      ""vat_pct"": ""10%"",
      ""gross_worth"": ""827,055.90""
    },
    {
      ""item_no"": ""2."",
      ""description"": ""Samsung T7 Shield 1TB Portable SSD"",
      ""quantity"": ""4.00"",
      ""unit_measure"": ""pcs"",
      ""net_price"": ""10,524.00"",
      ""net_worth"": ""42,096.00"",
      ""vat_pct"": ""10%"",
      ""gross_worth"": ""46,305.60""
    },
    {
      ""item_no"": ""3."",
      ""description"": ""Anker 65W GaN USB-C 3-Port Charger"",
      ""quantity"": ""2.00"",
      ""unit_measure"": ""pcs"",
      ""net_price"": ""4,412.00"",
      ""net_worth"": ""8,824.00"",
      ""vat_pct"": ""10%"",
      ""gross_worth"": ""9,706.40""
    },
    {
      ""item_no"": ""4."",
      ""description"": ""Realme GT 5 Pro 256GB Navigator Beige"",
      ""quantity"": ""6.00"",
      ""unit_measure"": ""pcs"",
      ""net_price"": ""40,787.00"",
      ""net_worth"": ""244,722.00"",
      ""vat_pct"": ""10%"",
      ""gross_worth"": ""269,194.20""
    },
    {
      ""item_no"": ""5."",
      ""description"": ""Boat Rockerz 550 Bluetooth Headphones"",
      ""quantity"": ""4.00"",
      ""unit_measure"": ""pcs"",
      ""net_price"": ""2,380.00"",
      ""net_worth"": ""9,520.00"",
      ""vat_pct"": ""10%"",
      ""gross_worth"": ""10,472.00""
    },
    {
      ""item_no"": ""6."",
      ""description"": ""Apple iPhone 15 Pro 256GB Titanium"",
      ""quantity"": ""8.00"",
      ""unit_measure"": ""pcs"",
      ""net_price"": ""134,208.00"",
      ""net_worth"": ""1,073,664.00"",
      ""vat_pct"": ""10%"",
      ""gross_worth"": ""1,181,030.4\n0""
    },
    {
      ""item_no"": ""7."",
      ""description"": ""Apple iPhone 15 128GB Black"",
      ""quantity"": ""4.00"",
      ""unit_measure"": ""pcs"",
      ""net_price"": ""62,158.00"",
      ""net_worth"": ""248,632.00"",
      ""vat_pct"": ""10%"",
      ""gross_worth"": ""273,495.20""
    }
  ],
  ""summary"": {
    ""vat_pct"": ""10%"",
    ""net_worth"": ""2,379,327.00"",
    ""vat_amount"": ""237,932.70"",
    ""gross_worth"": ""2,617,259.70"",
    ""total_net_worth"": ""INR 2,379,327.00"",
    ""total_vat"": ""INR 237,932.70"",
    ""total_gross_worth"": ""INR 2,617,259.70""
  }
}","Invoice no: 51109360
Date of issue: 29/03/2024
Seller: Client:
TechVision Distributors Pvt Ltd Surat Digital Mall
Plot 14, MIDC Industrial Area, Andheri East 45 Ring Road
Mumbai, Maharashtra - 400093 Surat, Gujarat - 395002
Tax Id: 27AABCT1234F1Z5 Tax Id: 665-82-1005
GSTIN: 27AABCT1234F1Z5
ITEMS
No. Description Qty UM Net Price Net Worth VAT % Gross
Worth
1. Samsung Galaxy S24 256GB Phantom 9.00 pcs 83,541.00 751,869.00 10% 827,055.90
Black
2. Samsung T7 Shield 1TB Portable SSD 4.00 pcs 10,524.00 42,096.00 10% 46,305.60
3. Anker 65W GaN USB-C 3-Port Charger 2.00 pcs 4,412.00 8,824.00 10% 9,706.40
4. Realme GT 5 Pro 256GB Navigator Beige 6.00 pcs 40,787.00 244,722.00 10% 269,194.20
5. Boat Rockerz 550 Bluetooth Headphones 4.00 pcs 2,380.00 9,520.00 10% 10,472.00
6. Apple iPhone 15 Pro 256GB Titanium 8.00 pcs 134,208.00 1,073,664.00 10% 1,181,030.4
0
7. Apple iPhone 15 128GB Black 4.00 pcs 62,158.00 248,632.00 10% 273,495.20
SUMMARY
VAT % Net Worth VAT Gross Worth
10% 2,379,327.00 237,932.70 2,617,259.70
INR
Total INR 2,379,327.00 INR 2,617,259.70
237,932.70"
invoice_51109361.pdf,"{
  ""invoice_no"": ""51109361"",
  ""date_of_issue"": ""31/10/2023"",
  ""seller"": {
    ""name"": ""TechVision Distributors Pvt Ltd"",
    ""address"": ""Plot 14, MIDC Industrial Area, Andheri East, Mumbai, Maharashtra - 400093"",
    ""tax_id"": ""27AABCT1234F1Z5"",
    ""gstin"": ""27AABCT1234F1Z5""
  },
  ""client"": {
    ""name"": ""Lucknow Electronics City"",
    ""address"": ""23 Hazratganj, Lucknow, Uttar Pradesh - 226001"",
    ""tax_id"": ""988-97-2473""
  },
  ""items"": [
    {
      ""item_no"": ""1."",
      ""description"": ""Vivo X100 Pro 256GB Asteroid Black"",
      ""quantity"": ""1.00"",
      ""unit_measure"": ""pcs"",
      ""net_price"": ""76,659.00"",
      ""net_worth"": ""76,659.00"",
      ""vat_pct"": ""10%"",
      ""gross_worth"": ""84,324.90""
    },
    {
      ""item_no"": ""2."",
      ""description"": ""Garmin Fenix 7 Solar Multisport GPS"",
      ""quantity"": ""2.00"",
      ""unit_measure"": ""pcs"",
      ""net_price"": ""65,890.00"",
      ""net_worth"": ""131,780.00"",
      ""vat_pct"": ""10%"",
      ""gross_worth"": ""144,958.00""
    },
    {
      ""item_no"": ""3."",
      ""description"": ""Western Digital 2TB My Passport HDD"",
      ""quantity"": ""2.00"",
      ""unit_measure"": ""pcs"",
      ""net_price"": ""6,631.00"",
      ""net_worth"": ""13,262.00"",
      ""vat_pct"": ""10%"",
      ""gross_worth"": ""14,588.20""
    },
    {
      ""item_no"": ""4."",
      ""description"": ""Samsung T7 Shield 1TB Portable SSD"",
      ""quantity"": ""10.00"",
      ""unit_measure"": ""pcs"",
      ""net_price"": ""8,525.00"",
      ""net_worth"": ""85,250.00"",
      ""vat_pct"": ""10%"",
      ""gross_worth"": ""93,775.00""
    },
    {
      ""item_no"": ""5."",
      ""description"": ""Samsung Galaxy Watch6 Classic 47mm"",
      ""quantity"": ""9.00"",
      ""unit_measure"": ""pcs"",
      ""net_price"": ""31,005.00"",
      ""net_worth"": ""279,045.00"",
      ""vat_pct"": ""10%"",
      ""gross_worth"": ""306,949.50""
    },
    {
      ""item_no"": ""6."",
      ""description"": ""Apple AirPods Pro 2nd Gen USB-C"",
      ""quantity"": ""1.00"",
      ""unit_measure"": ""pcs"",
      ""net_price"": ""25,261.00"",
      ""net_worth"": ""25,261.00"",
      ""vat_pct"": ""10%"",
      ""gross_worth"": ""27,787.10""
    },
    {
      ""item_no"": ""7."",
      ""description"": ""Samsung Galaxy S24 256GB Phantom Black"",
      ""quantity"": ""8.00"",
      ""unit_measure"": ""pcs"",
      ""net_price"": ""84,527.00"",
      ""net_worth"": ""676,216.00"",
      ""vat_pct"": ""10%"",
      ""gross_worth"": ""743,837.60""
    }
  ],
  ""summary"": {
    ""vat_pct"": ""10%"",
    ""net_worth"": ""1,287,473.00"",
    ""vat_amount"": ""128,747.30"",
    ""gross_worth"": ""1,416,220.30"",
    ""total_net_worth"": ""INR 1,287,473.00"",
    ""total_vat"": ""INR 128,747.30"",
    ""total_gross_worth"": ""INR 1,416,220.30""
  }
}","Invoice no: 51109361
Date of issue: 31/10/2023
Seller: Client:
TechVision Distributors Pvt Ltd Lucknow Electronics City
Plot 14, MIDC Industrial Area, Andheri East 23 Hazratganj
Mumbai, Maharashtra - 400093 Lucknow, Uttar Pradesh - 226001
Tax Id: 27AABCT1234F1Z5 Tax Id: 988-97-2473
GSTIN: 27AABCT1234F1Z5
ITEMS
No. Description Qty UM Net Price Net Worth VAT % Gross
Worth
1. Vivo X100 Pro 256GB Asteroid Black 1.00 pcs 76,659.00 76,659.00 10% 84,324.90
2. Garmin Fenix 7 Solar Multisport GPS 2.00 pcs 65,890.00 131,780.00 10% 144,958.00
3. Western Digital 2TB My Passport HDD 2.00 pcs 6,631.00 13,262.00 10% 14,588.20
4. Samsung T7 Shield 1TB Portable SSD 10.00 pcs 8,525.00 85,250.00 10% 93,775.00
5. Samsung Galaxy Watch6 Classic 47mm 9.00 pcs 31,005.00 279,045.00 10% 306,949.50
6. Apple AirPods Pro 2nd Gen USB-C 1.00 pcs 25,261.00 25,261.00 10% 27,787.10
7. Samsung Galaxy S24 256GB Phantom 8.00 pcs 84,527.00 676,216.00 10% 743,837.60
Black
SUMMARY
VAT % Net Worth VAT Gross Worth
10% 1,287,473.00 128,747.30 1,416,220.30
INR
Total INR 1,287,473.00 INR 1,416,220.30
128,747.30"
invoice_51109362.pdf,"{
  ""invoice_no"": ""51109362"",
  ""date_of_issue"": ""31/07/2023"",
  ""seller"": {
    ""name"": ""TechVision Distributors Pvt Ltd"",
    ""address"": ""Plot 14, MIDC Industrial Area, Andheri East, Mumbai, Maharashtra - 400093"",
    ""tax_id"": ""27AABCT1234F1Z5"",
    ""gstin"": ""27AABCT1234F1Z5""
  },
  ""client"": {
    ""name"": ""Kochi Mobile Hub"",
    ""address"": ""11 MG Road, Kochi, Kerala - 682016"",
    ""tax_id"": ""918-51-3056""
  },
  ""items"": [
    {
      ""item_no"": ""1."",
      ""description"": ""Logitech MX Master 3S Wireless Mouse"",
      ""quantity"": ""5.00"",
      ""unit_measure"": ""pcs"",
      ""net_price"": ""11,601.00"",
      ""net_worth"": ""58,005.00"",
      ""vat_pct"": ""10%"",
      ""gross_worth"": ""63,805.50""
    },
    {
      ""item_no"": ""2."",
      ""description"": ""Samsung T7 Shield 1TB Portable SSD"",
      ""quantity"": ""10.00"",
      ""unit_measure"": ""pcs"",
      ""net_price"": ""10,228.00"",
      ""net_worth"": ""102,280.00"",
      ""vat_pct"": ""10%"",
      ""gross_worth"": ""112,508.00""
    },
    {
      ""item_no"": ""3."",
      ""description"": ""HP Pavilion 15 Ryzen 5 8GB 512GB"",
      ""quantity"": ""2.00"",
      ""unit_measure"": ""pcs"",
      ""net_price"": ""74,466.00"",
      ""net_worth"": ""148,932.00"",
      ""vat_pct"": ""10%"",
      ""gross_worth"": ""163,825.20""
    },
    {
      ""item_no"": ""4."",
      ""description"": ""Apple iPhone 15 Pro 256GB Titanium"",
      ""quantity"": ""9.00"",
      ""unit_measure"": ""pcs"",
      ""net_price"": ""133,486.00"",
      ""net_worth"": ""1,201,374.00"",
      ""vat_pct"": ""10%"",
      ""gross_worth"": ""1,321,511.4\n0""
    }
  ],
  ""summary"": {
    ""vat_pct"": ""10%"",
    ""net_worth"": ""1,510,591.00"",
    ""vat_amount"": ""151,059.10"",
    ""gross_worth"": ""1,661,650.10"",
    ""total_net_worth"": ""INR 1,510,591.00"",
    ""total_vat"": ""INR 151,059.10"",
    ""total_gross_worth"": ""INR 1,661,650.10""
  }
}","Invoice no: 51109362
Date of issue: 31/07/2023
Seller: Client:
TechVision Distributors Pvt Ltd Kochi Mobile Hub
Plot 14, MIDC Industrial Area, Andheri East 11 MG Road
Mumbai, Maharashtra - 400093 Kochi, Kerala - 682016
Tax Id: 27AABCT1234F1Z5 Tax Id: 918-51-3056
GSTIN: 27AABCT1234F1Z5
ITEMS
No. Description Qty UM Net Price Net Worth VAT % Gross
Worth
1. Logitech MX Master 3S Wireless Mouse 5.00 pcs 11,601.00 58,005.00 10% 63,805.50
2. Samsung T7 Shield 1TB Portable SSD 10.00 pcs 10,228.00 102,280.00 10% 112,508.00
3. HP Pavilion 15 Ryzen 5 8GB 512GB 2.00 pcs 74,466.00 148,932.00 10% 163,825.20
4. Apple iPhone 15 Pro 256GB Titanium 9.00 pcs 133,486.00 1,201,374.00 10% 1,321,511.4
0
SUMMARY
VAT % Net Worth VAT Gross Worth
10% 1,510,591.00 151,059.10 1,661,650.10
INR
Total INR 1,510,591.00 INR 1,661,650.10
151,059.10"
invoice_51109363.pdf,"{
  ""invoice_no"": ""51109363"",
  ""date_of_issue"": ""08/12/2023"",
  ""seller"": {
    ""name"": ""TechVision Distributors Pvt Ltd"",
    ""address"": ""Plot 14, MIDC Industrial Area, Andheri East, Mumbai, Maharashtra - 400093"",
    ""tax_id"": ""27AABCT1234F1Z5"",
    ""gstin"": ""27AABCT1234F1Z5""
  },
  ""client"": {
    ""name"": ""Bhopal Smart Tech"",
    ""address"": ""78 MP Nagar, Bhopal, Madhya Pradesh - 462011"",
    ""tax_id"": ""802-44-2883""
  },
  ""items"": [
    {
      ""item_no"": ""1."",
      ""description"": ""Lenovo Tab P12 Pro 256GB Storm Grey"",
      ""quantity"": ""10.00"",
      ""unit_measure"": ""pcs"",
      ""net_price"": ""49,006.00"",
      ""net_worth"": ""490,060.00"",
      ""vat_pct"": ""10%"",
      ""gross_worth"": ""539,066.00""
    },
    {
      ""item_no"": ""2."",
      ""description"": ""Belkin MagSafe 3-in-1 Wireless Charger"",
      ""quantity"": ""8.00"",
      ""unit_measure"": ""pcs"",
      ""net_price"": ""9,952.00"",
      ""net_worth"": ""79,616.00"",
      ""vat_pct"": ""10%"",
      ""gross_worth"": ""87,577.60""
    },
    {
      ""item_no"": ""3."",
      ""description"": ""Dell XPS 13 Intel i7 16GB 512GB"",
      ""quantity"": ""3.00"",
      ""unit_measure"": ""pcs"",
      ""net_price"": ""104,611.00"",
      ""net_worth"": ""313,833.00"",
      ""vat_pct"": ""10%"",
      ""gross_worth"": ""345,216.30""
    },
    {
      ""item_no"": ""4."",
      ""description"": ""Apple AirPods Pro 2nd Gen USB-C"",
      ""quantity"": ""2.00"",
      ""unit_measure"": ""pcs"",
      ""net_price"": ""21,252.00"",
      ""net_worth"": ""42,504.00"",
      ""vat_pct"": ""10%"",
      ""gross_worth"": ""46,754.40""
    },
    {
      ""item_no"": ""5."",
      ""description"": ""Anker 65W GaN USB-C 3-Port Charger"",
      ""quantity"": ""7.00"",
      ""unit_measure"": ""pcs"",
      ""net_price"": ""3,024.00"",
      ""net_worth"": ""21,168.00"",
      ""vat_pct"": ""10%"",
      ""gross_worth"": ""23,284.80""
    },
    {
      ""item_no"": ""6."",
      ""description"": ""Samsung Galaxy Tab S9 256GB Graphite"",
      ""quantity"": ""2.00"",
      ""unit_measure"": ""pcs"",
      ""net_price"": ""70,051.00"",
      ""net_worth"": ""140,102.00"",
      ""vat_pct"": ""10%"",
      ""gross_worth"": ""154,112.20""
    },
    {
      ""item_no"": ""7."",
      ""description"": ""Xiaomi 14 Pro 512GB White"",
      ""quantity"": ""5.00"",
      ""unit_measure"": ""pcs"",
      ""net_price"": ""82,889.00"",
      ""net_worth"": ""414,445.00"",
      ""vat_pct"": ""10%"",
      ""gross_worth"": ""455,889.50""
    },
    {
      ""item_no"": ""8."",
      ""description"": ""Philips Hue White Ambiance Starter Kit"",
      ""quantity"": ""1.00"",
      ""unit_measure"": ""pcs"",
      ""net_price"": ""5,420.00"",
      ""net_worth"": ""5,420.00"",
      ""vat_pct"": ""10%"",
      ""gross_worth"": ""5,962.00""
    }
  ],
  ""summary"": {
    ""vat_pct"": ""10%"",
    ""net_worth"": ""1,507,148.00"",
    ""vat_amount"": ""150,714.80"",
    ""gross_worth"": ""1,657,862.80"",
    ""total_net_worth"": ""INR 1,507,148.00"",
    ""total_vat"": ""INR 150,714.80"",
    ""total_gross_worth"": ""INR 1,657,862.80""
  }
}","Invoice no: 51109363
Date of issue: 08/12/2023
Seller: Client:
TechVision Distributors Pvt Ltd Bhopal Smart Tech
Plot 14, MIDC Industrial Area, Andheri East 78 MP Nagar
Mumbai, Maharashtra - 400093 Bhopal, Madhya Pradesh - 462011
Tax Id: 27AABCT1234F1Z5 Tax Id: 802-44-2883
GSTIN: 27AABCT1234F1Z5
ITEMS
No. Description Qty UM Net Price Net Worth VAT % Gross
Worth
1. Lenovo Tab P12 Pro 256GB Storm Grey 10.00 pcs 49,006.00 490,060.00 10% 539,066.00
2. Belkin MagSafe 3-in-1 Wireless Charger 8.00 pcs 9,952.00 79,616.00 10% 87,577.60
3. Dell XPS 13 Intel i7 16GB 512GB 3.00 pcs 104,611.00 313,833.00 10% 345,216.30
4. Apple AirPods Pro 2nd Gen USB-C 2.00 pcs 21,252.00 42,504.00 10% 46,754.40
5. Anker 65W GaN USB-C 3-Port Charger 7.00 pcs 3,024.00 21,168.00 10% 23,284.80
6. Samsung Galaxy Tab S9 256GB 2.00 pcs 70,051.00 140,102.00 10% 154,112.20
Graphite
7. Xiaomi 14 Pro 512GB White 5.00 pcs 82,889.00 414,445.00 10% 455,889.50
8. Philips Hue White Ambiance Starter Kit 1.00 pcs 5,420.00 5,420.00 10% 5,962.00
SUMMARY
VAT % Net Worth VAT Gross Worth
10% 1,507,148.00 150,714.80 1,657,862.80
INR
Total INR 1,507,148.00 INR 1,657,862.80
150,714.80"
invoice_51109364.pdf,"{
  ""invoice_no"": ""51109364"",
  ""date_of_issue"": ""28/05/2023"",
  ""seller"": {
    ""name"": ""TechVision Distributors Pvt Ltd"",
    ""address"": ""Plot 14, MIDC Industrial Area, Andheri East, Mumbai, Maharashtra - 400093"",
    ""tax_id"": ""27AABCT1234F1Z5"",
    ""gstin"": ""27AABCT1234F1Z5""
  },
  ""client"": {
    ""name"": ""Indore Gadget Market"",
    ""address"": ""34 Vijay Nagar, Indore, Madhya Pradesh - 452010"",
    ""tax_id"": ""808-90-6294""
  },
  ""items"": [
    {
      ""item_no"": ""1."",
      ""description"": ""Sony WH-1000XM5 Wireless Headphones"",
      ""quantity"": ""2.00"",
      ""unit_measure"": ""pcs"",
      ""net_price"": ""30,219.00"",
      ""net_worth"": ""60,438.00"",
      ""vat_pct"": ""10%"",
      ""gross_worth"": ""66,481.80""
    },
    {
      ""item_no"": ""2."",
      ""description"": ""Anker 65W GaN USB-C 3-Port Charger"",
      ""quantity"": ""1.00"",
      ""unit_measure"": ""pcs"",
      ""net_price"": ""3,950.00"",
      ""net_worth"": ""3,950.00"",
      ""vat_pct"": ""10%"",
      ""gross_worth"": ""4,345.00""
    }
  ],
  ""summary"": {
    ""vat_pct"": ""10%"",
    ""net_worth"": ""64,388.00"",
    ""vat_amount"": ""6,438.80"",
    ""gross_worth"": ""70,826.80"",
    ""total_net_worth"": ""INR 64,388.00"",
    ""total_vat"": ""INR 6,438.80"",
    ""total_gross_worth"": ""INR 70,826.80""
  }
}","Invoice no: 51109364
Date of issue: 28/05/2023
Seller: Client:
TechVision Distributors Pvt Ltd Indore Gadget Market
Plot 14, MIDC Industrial Area, Andheri East 34 Vijay Nagar
Mumbai, Maharashtra - 400093 Indore, Madhya Pradesh - 452010
Tax Id: 27AABCT1234F1Z5 Tax Id: 808-90-6294
GSTIN: 27AABCT1234F1Z5
ITEMS
No. Description Qty UM Net Price Net Worth VAT % Gross
Worth
1. Sony WH-1000XM5 Wireless 2.00 pcs 30,219.00 60,438.00 10% 66,481.80
Headphones
2. Anker 65W GaN USB-C 3-Port Charger 1.00 pcs 3,950.00 3,950.00 10% 4,345.00
SUMMARY
VAT % Net Worth VAT Gross Worth
10% 64,388.00 6,438.80 70,826.80
Total INR 64,388.00 INR 6,438.80 INR 70,826.80"
invoice_51109365.pdf,"{
  ""invoice_no"": ""51109365"",
  ""date_of_issue"": ""29/08/2023"",
  ""seller"": {
    ""name"": ""TechVision Distributors Pvt Ltd"",
    ""address"": ""Plot 14, MIDC Industrial Area, Andheri East, Mumbai, Maharashtra - 400093"",
    ""tax_id"": ""27AABCT1234F1Z5"",
    ""gstin"": ""27AABCT1234F1Z5""
  },
  ""client"": {
    ""name"": ""Nagpur Electronics Plaza"",
    ""address"": ""56 Sitabuldi Main Road, Nagpur, Maharashtra - 440012"",
    ""tax_id"": ""330-32-1471""
  },
  ""items"": [
    {
      ""item_no"": ""1."",
      ""description"": ""GoPro Hero 12 Black Action Camera"",
      ""quantity"": ""2.00"",
      ""unit_measure"": ""pcs"",
      ""net_price"": ""40,412.00"",
      ""net_worth"": ""80,824.00"",
      ""vat_pct"": ""10%"",
      ""gross_worth"": ""88,906.40""
    },
    {
      ""item_no"": ""2."",
      ""description"": ""Sony Alpha ZV-E10 Mirrorless Kit 16-50"",
      ""quantity"": ""4.00"",
      ""unit_measure"": ""pcs"",
      ""net_price"": ""57,110.00"",
      ""net_worth"": ""228,440.00"",
      ""vat_pct"": ""10%"",
      ""gross_worth"": ""251,284.00""
    },
    {
      ""item_no"": ""3."",
      ""description"": ""Sony WH-1000XM5 Wireless Headphones"",
      ""quantity"": ""3.00"",
      ""unit_measure"": ""pcs"",
      ""net_price"": ""29,158.00"",
      ""net_worth"": ""87,474.00"",
      ""vat_pct"": ""10%"",
      ""gross_worth"": ""96,221.40""
    },
    {
      ""item_no"": ""4."",
      ""description"": ""HP Pavilion 15 Ryzen 5 8GB 512GB"",
      ""quantity"": ""1.00"",
      ""unit_measure"": ""pcs"",
      ""net_price"": ""58,960.00"",
      ""net_worth"": ""58,960.00"",
      ""vat_pct"": ""10%"",
      ""gross_worth"": ""64,856.00""
    },
    {
      ""item_no"": ""5."",
      ""description"": ""Apple iPhone 15 128GB Black"",
      ""quantity"": ""3.00"",
      ""unit_measure"": ""pcs"",
      ""net_price"": ""82,115.00"",
      ""net_worth"": ""246,345.00"",
      ""vat_pct"": ""10%"",
      ""gross_worth"": ""270,979.50""
    }
  ],
  ""summary"": {
    ""vat_pct"": ""10%"",
    ""net_worth"": ""702,043.00"",
    ""vat_amount"": ""70,204.30"",
    ""gross_worth"": ""772,247.30"",
    ""total_net_worth"": ""INR 702,043.00"",
    ""total_vat"": ""INR 70,204.30"",
    ""total_gross_worth"": ""INR 772,247.30""
  }
}","Invoice no: 51109365
Date of issue: 29/08/2023
Seller: Client:
TechVision Distributors Pvt Ltd Nagpur Electronics Plaza
Plot 14, MIDC Industrial Area, Andheri East 56 Sitabuldi Main Road
Mumbai, Maharashtra - 400093 Nagpur, Maharashtra - 440012
Tax Id: 27AABCT1234F1Z5 Tax Id: 330-32-1471
GSTIN: 27AABCT1234F1Z5
ITEMS
No. Description Qty UM Net Price Net Worth VAT % Gross
Worth
1. GoPro Hero 12 Black Action Camera 2.00 pcs 40,412.00 80,824.00 10% 88,906.40
2. Sony Alpha ZV-E10 Mirrorless Kit 16-50 4.00 pcs 57,110.00 228,440.00 10% 251,284.00
3. Sony WH-1000XM5 Wireless 3.00 pcs 29,158.00 87,474.00 10% 96,221.40
Headphones
4. HP Pavilion 15 Ryzen 5 8GB 512GB 1.00 pcs 58,960.00 58,960.00 10% 64,856.00
5. Apple iPhone 15 128GB Black 3.00 pcs 82,115.00 246,345.00 10% 270,979.50
SUMMARY
VAT % Net Worth VAT Gross Worth
10% 702,043.00 70,204.30 772,247.30
Total INR 702,043.00 INR 70,204.30 INR 772,247.30"
invoice_51109366.pdf,"{
  ""invoice_no"": ""51109366"",
  ""date_of_issue"": ""02/11/2023"",
  ""seller"": {
    ""name"": ""TechVision Distributors Pvt Ltd"",
    ""address"": ""Plot 14, MIDC Industrial Area, Andheri East, Mumbai, Maharashtra - 400093"",
    ""tax_id"": ""27AABCT1234F1Z5"",
    ""gstin"": ""27AABCT1234F1Z5""
  },
  ""client"": {
    ""name"": ""Chandigarh Tech Square"",
    ""address"": ""17 Sector 17C, Chandigarh, Punjab - 160017"",
    ""tax_id"": ""359-81-6120""
  },
  ""items"": [
    {
      ""item_no"": ""1."",
      ""description"": ""Samsung T7 Shield 1TB Portable SSD"",
      ""quantity"": ""1.00"",
      ""unit_measure"": ""pcs"",
      ""net_price"": ""10,495.00"",
      ""net_worth"": ""10,495.00"",
      ""vat_pct"": ""10%"",
      ""gross_worth"": ""11,544.50""
    },
    {
      ""item_no"": ""2."",
      ""description"": ""HP Pavilion 15 Ryzen 5 8GB 512GB"",
      ""quantity"": ""10.00"",
      ""unit_measure"": ""pcs"",
      ""net_price"": ""59,212.00"",
      ""net_worth"": ""592,120.00"",
      ""vat_pct"": ""10%"",
      ""gross_worth"": ""651,332.00""
    },
    {
      ""item_no"": ""3."",
      ""description"": ""GoPro Hero 12 Black Action Camera"",
      ""quantity"": ""6.00"",
      ""unit_measure"": ""pcs"",
      ""net_price"": ""35,676.00"",
      ""net_worth"": ""214,056.00"",
      ""vat_pct"": ""10%"",
      ""gross_worth"": ""235,461.60""
    },
    {
      ""item_no"": ""4."",
      ""description"": ""OnePlus 12 256GB Silky Black"",
      ""quantity"": ""2.00"",
      ""unit_measure"": ""pcs"",
      ""net_price"": ""68,581.00"",
      ""net_worth"": ""137,162.00"",
      ""vat_pct"": ""10%"",
      ""gross_worth"": ""150,878.20""
    },
    {
      ""item_no"": ""5."",
      ""description"": ""Xiaomi 14 Pro 512GB White"",
      ""quantity"": ""2.00"",
      ""unit_measure"": ""pcs"",
      ""net_price"": ""83,393.00"",
      ""net_worth"": ""166,786.00"",
      ""vat_pct"": ""10%"",
      ""gross_worth"": ""183,464.60""
    },
    {
      ""item_no"": ""6."",
      ""description"": ""Logitech MX Master 3S Wireless Mouse"",
      ""quantity"": ""9.00"",
      ""unit_measure"": ""pcs"",
      ""net_price"": ""11,940.00"",
      ""net_worth"": ""107,460.00"",
      ""vat_pct"": ""10%"",
      ""gross_worth"": ""118,206.00""
    },
    {
      ""item_no"": ""7."",
      ""description"": ""Apple Watch Series 9 GPS 45mm Midnight"",
      ""quantity"": ""9.00"",
      ""unit_measure"": ""pcs"",
      ""net_price"": ""54,867.00"",
      ""net_worth"": ""493,803.00"",
      ""vat_pct"": ""10%"",
      ""gross_worth"": ""543,183.30""
    }
  ],
  ""summary"": {
    ""vat_pct"": ""10%"",
    ""net_worth"": ""1,721,882.00"",
    ""vat_amount"": ""172,188.20"",
    ""gross_worth"": ""1,894,070.20"",
    ""total_net_worth"": ""INR 1,721,882.00"",
    ""total_vat"": ""INR 172,188.20"",
    ""total_gross_worth"": ""INR 1,894,070.20""
  }
}","Invoice no: 51109366
Date of issue: 02/11/2023
Seller: Client:
TechVision Distributors Pvt Ltd Chandigarh Tech Square
Plot 14, MIDC Industrial Area, Andheri East 17 Sector 17C
Mumbai, Maharashtra - 400093 Chandigarh, Punjab - 160017
Tax Id: 27AABCT1234F1Z5 Tax Id: 359-81-6120
GSTIN: 27AABCT1234F1Z5
ITEMS
No. Description Qty UM Net Price Net Worth VAT % Gross
Worth
1. Samsung T7 Shield 1TB Portable SSD 1.00 pcs 10,495.00 10,495.00 10% 11,544.50
2. HP Pavilion 15 Ryzen 5 8GB 512GB 10.00 pcs 59,212.00 592,120.00 10% 651,332.00
3. GoPro Hero 12 Black Action Camera 6.00 pcs 35,676.00 214,056.00 10% 235,461.60
4. OnePlus 12 256GB Silky Black 2.00 pcs 68,581.00 137,162.00 10% 150,878.20
5. Xiaomi 14 Pro 512GB White 2.00 pcs 83,393.00 166,786.00 10% 183,464.60
6. Logitech MX Master 3S Wireless Mouse 9.00 pcs 11,940.00 107,460.00 10% 118,206.00
7. Apple Watch Series 9 GPS 45mm 9.00 pcs 54,867.00 493,803.00 10% 543,183.30
Midnight
SUMMARY
VAT % Net Worth VAT Gross Worth
10% 1,721,882.00 172,188.20 1,894,070.20
INR
Total INR 1,721,882.00 INR 1,894,070.20
172,188.20"
invoice_51109367.pdf,"{
  ""invoice_no"": ""51109367"",
  ""date_of_issue"": ""04/08/2023"",
  ""seller"": {
    ""name"": ""TechVision Distributors Pvt Ltd"",
    ""address"": ""Plot 14, MIDC Industrial Area, Andheri East, Mumbai, Maharashtra - 400093"",
    ""tax_id"": ""27AABCT1234F1Z5"",
    ""gstin"": ""27AABCT1234F1Z5""
  },
  ""client"": {
    ""name"": ""Coimbatore IT Solutions"",
    ""address"": ""90 Avinashi Road, Coimbatore, Tamil Nadu - 641018"",
    ""tax_id"": ""961-74-2369""
  },
  ""items"": [
    {
      ""item_no"": ""1."",
      ""description"": ""Dell XPS 13 Intel i7 16GB 512GB"",
      ""quantity"": ""5.00"",
      ""unit_measure"": ""pcs"",
      ""net_price"": ""104,306.00"",
      ""net_worth"": ""521,530.00"",
      ""vat_pct"": ""10%"",
      ""gross_worth"": ""573,683.00""
    },
    {
      ""item_no"": ""2."",
      ""description"": ""Lenovo IdeaPad Slim 5 i5 16GB 512GB"",
      ""quantity"": ""9.00"",
      ""unit_measure"": ""pcs"",
      ""net_price"": ""73,297.00"",
      ""net_worth"": ""659,673.00"",
      ""vat_pct"": ""10%"",
      ""gross_worth"": ""725,640.30""
    },
    {
      ""item_no"": ""3."",
      ""description"": ""Belkin MagSafe 3-in-1 Wireless Charger"",
      ""quantity"": ""10.00"",
      ""unit_measure"": ""pcs"",
      ""net_price"": ""7,777.00"",
      ""net_worth"": ""77,770.00"",
      ""vat_pct"": ""10%"",
      ""gross_worth"": ""85,547.00""
    },
    {
      ""item_no"": ""4."",
      ""description"": ""Canon EOS R50 Mirrorless Camera Body"",
      ""quantity"": ""10.00"",
      ""unit_measure"": ""pcs"",
      ""net_price"": ""67,945.00"",
      ""net_worth"": ""679,450.00"",
      ""vat_pct"": ""10%"",
      ""gross_worth"": ""747,395.00""
    }
  ],
  ""summary"": {
    ""vat_pct"": ""10%"",
    ""net_worth"": ""1,938,423.00"",
    ""vat_amount"": ""193,842.30"",
    ""gross_worth"": ""2,132,265.30"",
    ""total_net_worth"": ""INR 1,938,423.00"",
    ""total_vat"": ""INR 193,842.30"",
    ""total_gross_worth"": ""INR 2,132,265.30""
  }
}","Invoice no: 51109367
Date of issue: 04/08/2023
Seller: Client:
TechVision Distributors Pvt Ltd Coimbatore IT Solutions
Plot 14, MIDC Industrial Area, Andheri East 90 Avinashi Road
Mumbai, Maharashtra - 400093 Coimbatore, Tamil Nadu - 641018
Tax Id: 27AABCT1234F1Z5 Tax Id: 961-74-2369
GSTIN: 27AABCT1234F1Z5
ITEMS
No. Description Qty UM Net Price Net Worth VAT % Gross
Worth
1. Dell XPS 13 Intel i7 16GB 512GB 5.00 pcs 104,306.00 521,530.00 10% 573,683.00
2. Lenovo IdeaPad Slim 5 i5 16GB 512GB 9.00 pcs 73,297.00 659,673.00 10% 725,640.30
3. Belkin MagSafe 3-in-1 Wireless Charger 10.00 pcs 7,777.00 77,770.00 10% 85,547.00
4. Canon EOS R50 Mirrorless Camera Body 10.00 pcs 67,945.00 679,450.00 10% 747,395.00
SUMMARY
VAT % Net Worth VAT Gross Worth
10% 1,938,423.00 193,842.30 2,132,265.30
INR
Total INR 1,938,423.00 INR 2,132,265.30
193,842.30"
invoice_51109368.pdf,"{
  ""invoice_no"": ""51109368"",
  ""date_of_issue"": ""21/11/2023"",
  ""seller"": {
    ""name"": ""TechVision Distributors Pvt Ltd"",
    ""address"": ""Plot 14, MIDC Industrial Area, Andheri East, Mumbai, Maharashtra - 400093"",
    ""tax_id"": ""27AABCT1234F1Z5"",
    ""gstin"": ""27AABCT1234F1Z5""
  },
  ""client"": {
    ""name"": ""Vadodara Digital Zone"",
    ""address"": ""25 Alkapuri Society, Vadodara, Gujarat - 390007"",
    ""tax_id"": ""812-92-3161""
  },
  ""items"": [
    {
      ""item_no"": ""1."",
      ""description"": ""TP-Link Archer AX73 WiFi 6 Router"",
      ""quantity"": ""9.00"",
      ""unit_measure"": ""pcs"",
      ""net_price"": ""15,016.00"",
      ""net_worth"": ""135,144.00"",
      ""vat_pct"": ""10%"",
      ""gross_worth"": ""148,658.40""
    },
    {
      ""item_no"": ""2."",
      ""description"": ""Dell XPS 13 Intel i7 16GB 512GB"",
      ""quantity"": ""2.00"",
      ""unit_measure"": ""pcs"",
      ""net_price"": ""102,760.00"",
      ""net_worth"": ""205,520.00"",
      ""vat_pct"": ""10%"",
      ""gross_worth"": ""226,072.00""
    },
    {
      ""item_no"": ""3."",
      ""description"": ""Samsung Galaxy S24 256GB Phantom Black"",
      ""quantity"": ""2.00"",
      ""unit_measure"": ""pcs"",
      ""net_price"": ""88,435.00"",
      ""net_worth"": ""176,870.00"",
      ""vat_pct"": ""10%"",
      ""gross_worth"": ""194,557.00""
    },
    {
      ""item_no"": ""4."",
      ""description"": ""Apple MacBook Air M2 8GB 256GB Silver"",
      ""quantity"": ""7.00"",
      ""unit_measure"": ""pcs"",
      ""net_price"": ""109,088.00"",
      ""net_worth"": ""763,616.00"",
      ""vat_pct"": ""10%"",
      ""gross_worth"": ""839,977.60""
    },
    {
      ""item_no"": ""5."",
      ""description"": ""Western Digital 2TB My Passport HDD"",
      ""quantity"": ""3.00"",
      ""unit_measure"": ""pcs"",
      ""net_price"": ""6,166.00"",
      ""net_worth"": ""18,498.00"",
      ""vat_pct"": ""10%"",
      ""gross_worth"": ""20,347.80""
    },
    {
      ""item_no"": ""6."",
      ""description"": ""Samsung Galaxy Watch6 Classic 47mm"",
      ""quantity"": ""7.00"",
      ""unit_measure"": ""pcs"",
      ""net_price"": ""29,341.00"",
      ""net_worth"": ""205,387.00"",
      ""vat_pct"": ""10%"",
      ""gross_worth"": ""225,925.70""
    },
    {
      ""item_no"": ""7."",
      ""description"": ""Keychron K8 Pro Mechanical Keyboard"",
      ""quantity"": ""4.00"",
      ""unit_measure"": ""pcs"",
      ""net_price"": ""10,738.00"",
      ""net_worth"": ""42,952.00"",
      ""vat_pct"": ""10%"",
      ""gross_worth"": ""47,247.20""
    },
    {
      ""item_no"": ""8."",
      ""description"": ""Apple iPhone 15 Pro 256GB Titanium"",
      ""quantity"": ""2.00"",
      ""unit_measure"": ""pcs"",
      ""net_price"": ""110,251.00"",
      ""net_worth"": ""220,502.00"",
      ""vat_pct"": ""10%"",
      ""gross_worth"": ""242,552.20""
    }
  ],
  ""summary"": {
    ""vat_pct"": ""10%"",
    ""net_worth"": ""1,768,489.00"",
    ""vat_amount"": ""176,848.90"",
    ""gross_worth"": ""1,945,337.90"",
    ""total_net_worth"": ""INR 1,768,489.00"",
    ""total_vat"": ""INR 176,848.90"",
    ""total_gross_worth"": ""INR 1,945,337.90""
  }
}","Invoice no: 51109368
Date of issue: 21/11/2023
Seller: Client:
TechVision Distributors Pvt Ltd Vadodara Digital Zone
Plot 14, MIDC Industrial Area, Andheri East 25 Alkapuri Society
Mumbai, Maharashtra - 400093 Vadodara, Gujarat - 390007
Tax Id: 27AABCT1234F1Z5 Tax Id: 812-92-3161
GSTIN: 27AABCT1234F1Z5
ITEMS
No. Description Qty UM Net Price Net Worth VAT % Gross
Worth
1. TP-Link Archer AX73 WiFi 6 Router 9.00 pcs 15,016.00 135,144.00 10% 148,658.40
2. Dell XPS 13 Intel i7 16GB 512GB 2.00 pcs 102,760.00 205,520.00 10% 226,072.00
3. Samsung Galaxy S24 256GB Phantom 2.00 pcs 88,435.00 176,870.00 10% 194,557.00
Black
4. Apple MacBook Air M2 8GB 256GB 7.00 pcs 109,088.00 763,616.00 10% 839,977.60
Silver
5. Western Digital 2TB My Passport HDD 3.00 pcs 6,166.00 18,498.00 10% 20,347.80
6. Samsung Galaxy Watch6 Classic 47mm 7.00 pcs 29,341.00 205,387.00 10% 225,925.70
7. Keychron K8 Pro Mechanical Keyboard 4.00 pcs 10,738.00 42,952.00 10% 47,247.20
8. Apple iPhone 15 Pro 256GB Titanium 2.00 pcs 110,251.00 220,502.00 10% 242,552.20
SUMMARY
VAT % Net Worth VAT Gross Worth
10% 1,768,489.00 176,848.90 1,945,337.90
INR
Total INR 1,768,489.00 INR 1,945,337.90
176,848.90"
invoice_51109369.pdf,"{
  ""invoice_no"": ""51109369"",
  ""date_of_issue"": ""19/07/2023"",
  ""seller"": {
    ""name"": ""TechVision Distributors Pvt Ltd"",
    ""address"": ""Plot 14, MIDC Industrial Area, Andheri East, Mumbai, Maharashtra - 400093"",
    ""tax_id"": ""27AABCT1234F1Z5"",
    ""gstin"": ""27AABCT1234F1Z5""
  },
  ""client"": {
    ""name"": ""Patna Electronics Corner"",
    ""address"": ""44 Fraser Road, Patna, Bihar - 800001"",
    ""tax_id"": ""773-44-2602""
  },
  ""items"": [
    {
      ""item_no"": ""1."",
      ""description"": ""Logitech MX Master 3S Wireless Mouse"",
      ""quantity"": ""2.00"",
      ""unit_measure"": ""pcs"",
      ""net_price"": ""8,570.00"",
      ""net_worth"": ""17,140.00"",
      ""vat_pct"": ""10%"",
      ""gross_worth"": ""18,854.00""
    },
    {
      ""item_no"": ""2."",
      ""description"": ""Dell XPS 13 Intel i7 16GB 512GB"",
      ""quantity"": ""5.00"",
      ""unit_measure"": ""pcs"",
      ""net_price"": ""116,555.00"",
      ""net_worth"": ""582,775.00"",
      ""vat_pct"": ""10%"",
      ""gross_worth"": ""641,052.50""
    },
    {
      ""item_no"": ""3."",
      ""description"": ""Lenovo Tab P12 Pro 256GB Storm Grey"",
      ""quantity"": ""7.00"",
      ""unit_measure"": ""pcs"",
      ""net_price"": ""37,229.00"",
      ""net_worth"": ""260,603.00"",
      ""vat_pct"": ""10%"",
      ""gross_worth"": ""286,663.30""
    },
    {
      ""item_no"": ""4."",
      ""description"": ""Lenovo IdeaPad Slim 5 i5 16GB 512GB"",
      ""quantity"": ""4.00"",
      ""unit_measure"": ""pcs"",
      ""net_price"": ""71,691.00"",
      ""net_worth"": ""286,764.00"",
      ""vat_pct"": ""10%"",
      ""gross_worth"": ""315,440.40""
    }
  ],
  ""summary"": {
    ""vat_pct"": ""10%"",
    ""net_worth"": ""1,147,282.00"",
    ""vat_amount"": ""114,728.20"",
    ""gross_worth"": ""1,262,010.20"",
    ""total_net_worth"": ""INR 1,147,282.00"",
    ""total_vat"": ""INR 114,728.20"",
    ""total_gross_worth"": ""INR 1,262,010.20""
  }
}","Invoice no: 51109369
Date of issue: 19/07/2023
Seller: Client:
TechVision Distributors Pvt Ltd Patna Electronics Corner
Plot 14, MIDC Industrial Area, Andheri East 44 Fraser Road
Mumbai, Maharashtra - 400093 Patna, Bihar - 800001
Tax Id: 27AABCT1234F1Z5 Tax Id: 773-44-2602
GSTIN: 27AABCT1234F1Z5
ITEMS
No. Description Qty UM Net Price Net Worth VAT % Gross
Worth
1. Logitech MX Master 3S Wireless Mouse 2.00 pcs 8,570.00 17,140.00 10% 18,854.00
2. Dell XPS 13 Intel i7 16GB 512GB 5.00 pcs 116,555.00 582,775.00 10% 641,052.50
3. Lenovo Tab P12 Pro 256GB Storm Grey 7.00 pcs 37,229.00 260,603.00 10% 286,663.30
4. Lenovo IdeaPad Slim 5 i5 16GB 512GB 4.00 pcs 71,691.00 286,764.00 10% 315,440.40
SUMMARY
VAT % Net Worth VAT Gross Worth
10% 1,147,282.00 114,728.20 1,262,010.20
INR
Total INR 1,147,282.00 INR 1,262,010.20
114,728.20"
invoice_51109370.pdf,"{
  ""invoice_no"": ""51109370"",
  ""date_of_issue"": ""12/03/2024"",
  ""seller"": {
    ""name"": ""TechVision Distributors Pvt Ltd"",
    ""address"": ""Plot 14, MIDC Industrial Area, Andheri East, Mumbai, Maharashtra - 400093"",
    ""tax_id"": ""27AABCT1234F1Z5"",
    ""gstin"": ""27AABCT1234F1Z5""
  },
  ""client"": {
    ""name"": ""Visakhapatnam Tech City"",
    ""address"": ""33 Dwaraka Nagar, Visakhapatnam, Andhra Pradesh - 530016"",
    ""tax_id"": ""585-57-5465""
  },
  ""items"": [
    {
      ""item_no"": ""1."",
      ""description"": ""Sony Alpha ZV-E10 Mirrorless Kit 16-50"",
      ""quantity"": ""3.00"",
      ""unit_measure"": ""pcs"",
      ""net_price"": ""63,772.00"",
      ""net_worth"": ""191,316.00"",
      ""vat_pct"": ""10%"",
      ""gross_worth"": ""210,447.60""
    },
    {
      ""item_no"": ""2."",
      ""description"": ""Anker 65W GaN USB-C 3-Port Charger"",
      ""quantity"": ""8.00"",
      ""unit_measure"": ""pcs"",
      ""net_price"": ""2,616.00"",
      ""net_worth"": ""20,928.00"",
      ""vat_pct"": ""10%"",
      ""gross_worth"": ""23,020.80""
    },
    {
      ""item_no"": ""3."",
      ""description"": ""Apple Watch Series 9 GPS 45mm Midnight"",
      ""quantity"": ""1.00"",
      ""unit_measure"": ""pcs"",
      ""net_price"": ""41,047.00"",
      ""net_worth"": ""41,047.00"",
      ""vat_pct"": ""10%"",
      ""gross_worth"": ""45,151.70""
    },
    {
      ""item_no"": ""4."",
      ""description"": ""Sony WH-1000XM5 Wireless Headphones"",
      ""quantity"": ""3.00"",
      ""unit_measure"": ""pcs"",
      ""net_price"": ""29,135.00"",
      ""net_worth"": ""87,405.00"",
      ""vat_pct"": ""10%"",
      ""gross_worth"": ""96,145.50""
    },
    {
      ""item_no"": ""5."",
      ""description"": ""OnePlus 12 256GB Silky Black"",
      ""quantity"": ""5.00"",
      ""unit_measure"": ""pcs"",
      ""net_price"": ""59,013.00"",
      ""net_worth"": ""295,065.00"",
      ""vat_pct"": ""10%"",
      ""gross_worth"": ""324,571.50""
    }
  ],
  ""summary"": {
    ""vat_pct"": ""10%"",
    ""net_worth"": ""635,761.00"",
    ""vat_amount"": ""63,576.10"",
    ""gross_worth"": ""699,337.10"",
    ""total_net_worth"": ""INR 635,761.00"",
    ""total_vat"": ""INR 63,576.10"",
    ""total_gross_worth"": ""INR 699,337.10""
  }
}","Invoice no: 51109370
Date of issue: 12/03/2024
Seller: Client:
TechVision Distributors Pvt Ltd Visakhapatnam Tech City
Plot 14, MIDC Industrial Area, Andheri East 33 Dwaraka Nagar
Mumbai, Maharashtra - 400093 Visakhapatnam, Andhra Pradesh - 530016
Tax Id: 27AABCT1234F1Z5 Tax Id: 585-57-5465
GSTIN: 27AABCT1234F1Z5
ITEMS
No. Description Qty UM Net Price Net Worth VAT % Gross
Worth
1. Sony Alpha ZV-E10 Mirrorless Kit 16-50 3.00 pcs 63,772.00 191,316.00 10% 210,447.60
2. Anker 65W GaN USB-C 3-Port Charger 8.00 pcs 2,616.00 20,928.00 10% 23,020.80
3. Apple Watch Series 9 GPS 45mm 1.00 pcs 41,047.00 41,047.00 10% 45,151.70
Midnight
4. Sony WH-1000XM5 Wireless 3.00 pcs 29,135.00 87,405.00 10% 96,145.50
Headphones
5. OnePlus 12 256GB Silky Black 5.00 pcs 59,013.00 295,065.00 10% 324,571.50
SUMMARY
VAT % Net Worth VAT Gross Worth
10% 635,761.00 63,576.10 699,337.10
Total INR 635,761.00 INR 63,576.10 INR 699,337.10"
invoice_51109371.pdf,"{
  ""invoice_no"": ""51109371"",
  ""date_of_issue"": ""15/08/2023"",
  ""seller"": {
    ""name"": ""TechVision Distributors Pvt Ltd"",
    ""address"": ""Plot 14, MIDC Industrial Area, Andheri East, Mumbai, Maharashtra - 400093"",
    ""tax_id"": ""27AABCT1234F1Z5"",
    ""gstin"": ""27AABCT1234F1Z5""
  },
  ""client"": {
    ""name"": ""Amritsar Gadget Gallery"",
    ""address"": ""12 Lawrence Road, Amritsar, Punjab - 143001"",
    ""tax_id"": ""695-17-8030""
  },
  ""items"": [
    {
      ""item_no"": ""1."",
      ""description"": ""Canon EOS R50 Mirrorless Camera Body"",
      ""quantity"": ""8.00"",
      ""unit_measure"": ""pcs"",
      ""net_price"": ""66,279.00"",
      ""net_worth"": ""530,232.00"",
      ""vat_pct"": ""10%"",
      ""gross_worth"": ""583,255.20""
    },
    {
      ""item_no"": ""2."",
      ""description"": ""Apple iPhone 15 128GB Black"",
      ""quantity"": ""10.00"",
      ""unit_measure"": ""pcs"",
      ""net_price"": ""83,640.00"",
      ""net_worth"": ""836,400.00"",
      ""vat_pct"": ""10%"",
      ""gross_worth"": ""920,040.00""
    },
    {
      ""item_no"": ""3."",
      ""description"": ""HP Pavilion 15 Ryzen 5 8GB 512GB"",
      ""quantity"": ""4.00"",
      ""unit_measure"": ""pcs"",
      ""net_price"": ""65,296.00"",
      ""net_worth"": ""261,184.00"",
      ""vat_pct"": ""10%"",
      ""gross_worth"": ""287,302.40""
    },
    {
      ""item_no"": ""4."",
      ""description"": ""Samsung 65 inch QLED 4K Smart TV"",
      ""quantity"": ""6.00"",
      ""unit_measure"": ""pcs"",
      ""net_price"": ""111,968.00"",
      ""net_worth"": ""671,808.00"",
      ""vat_pct"": ""10%"",
      ""gross_worth"": ""738,988.80""
    },
    {
      ""item_no"": ""5."",
      ""description"": ""Philips Hue White Ambiance Starter Kit"",
      ""quantity"": ""4.00"",
      ""unit_measure"": ""pcs"",
      ""net_price"": ""5,818.00"",
      ""net_worth"": ""23,272.00"",
      ""vat_pct"": ""10%"",
      ""gross_worth"": ""25,599.20""
    }
  ],
  ""summary"": {
    ""vat_pct"": ""10%"",
    ""net_worth"": ""2,322,896.00"",
    ""vat_amount"": ""232,289.60"",
    ""gross_worth"": ""2,555,185.60"",
    ""total_net_worth"": ""INR 2,322,896.00"",
    ""total_vat"": ""INR 232,289.60"",
    ""total_gross_worth"": ""INR 2,555,185.60""
  }
}","Invoice no: 51109371
Date of issue: 15/08/2023
Seller: Client:
TechVision Distributors Pvt Ltd Amritsar Gadget Gallery
Plot 14, MIDC Industrial Area, Andheri East 12 Lawrence Road
Mumbai, Maharashtra - 400093 Amritsar, Punjab - 143001
Tax Id: 27AABCT1234F1Z5 Tax Id: 695-17-8030
GSTIN: 27AABCT1234F1Z5
ITEMS
No. Description Qty UM Net Price Net Worth VAT % Gross
Worth
1. Canon EOS R50 Mirrorless Camera Body 8.00 pcs 66,279.00 530,232.00 10% 583,255.20
2. Apple iPhone 15 128GB Black 10.00 pcs 83,640.00 836,400.00 10% 920,040.00
3. HP Pavilion 15 Ryzen 5 8GB 512GB 4.00 pcs 65,296.00 261,184.00 10% 287,302.40
4. Samsung 65 inch QLED 4K Smart TV 6.00 pcs 111,968.00 671,808.00 10% 738,988.80
5. Philips Hue White Ambiance Starter Kit 4.00 pcs 5,818.00 23,272.00 10% 25,599.20
SUMMARY
VAT % Net Worth VAT Gross Worth
10% 2,322,896.00 232,289.60 2,555,185.60
INR
Total INR 2,322,896.00 INR 2,555,185.60
232,289.60"
invoice_51109372.pdf,"{
  ""invoice_no"": ""51109372"",
  ""date_of_issue"": ""05/03/2024"",
  ""seller"": {
    ""name"": ""TechVision Distributors Pvt Ltd"",
    ""address"": ""Plot 14, MIDC Industrial Area, Andheri East, Mumbai, Maharashtra - 400093"",
    ""tax_id"": ""27AABCT1234F1Z5"",
    ""gstin"": ""27AABCT1234F1Z5""
  },
  ""client"": {
    ""name"": ""Nashik Smart Electronics"",
    ""address"": ""67 College Road, Nashik, Maharashtra - 422005"",
    ""tax_id"": ""228-59-8875""
  },
  ""items"": [
    {
      ""item_no"": ""1."",
      ""description"": ""Xiaomi 14 Pro 512GB White"",
      ""quantity"": ""8.00"",
      ""unit_measure"": ""pcs"",
      ""net_price"": ""78,150.00"",
      ""net_worth"": ""625,200.00"",
      ""vat_pct"": ""10%"",
      ""gross_worth"": ""687,720.00""
    },
    {
      ""item_no"": ""2."",
      ""description"": ""Samsung Galaxy Tab S9 256GB Graphite"",
      ""quantity"": ""7.00"",
      ""unit_measure"": ""pcs"",
      ""net_price"": ""68,021.00"",
      ""net_worth"": ""476,147.00"",
      ""vat_pct"": ""10%"",
      ""gross_worth"": ""523,761.70""
    },
    {
      ""item_no"": ""3."",
      ""description"": ""Western Digital 2TB My Passport HDD"",
      ""quantity"": ""6.00"",
      ""unit_measure"": ""pcs"",
      ""net_price"": ""7,331.00"",
      ""net_worth"": ""43,986.00"",
      ""vat_pct"": ""10%"",
      ""gross_worth"": ""48,384.60""
    },
    {
      ""item_no"": ""4."",
      ""description"": ""Apple Watch Series 9 GPS 45mm Midnight"",
      ""quantity"": ""4.00"",
      ""unit_measure"": ""pcs"",
      ""net_price"": ""43,261.00"",
      ""net_worth"": ""173,044.00"",
      ""vat_pct"": ""10%"",
      ""gross_worth"": ""190,348.40""
    }
  ],
  ""summary"": {
    ""vat_pct"": ""10%"",
    ""net_worth"": ""1,318,377.00"",
    ""vat_amount"": ""131,837.70"",
    ""gross_worth"": ""1,450,214.70"",
    ""total_net_worth"": ""INR 1,318,377.00"",
    ""total_vat"": ""INR 131,837.70"",
    ""total_gross_worth"": ""INR 1,450,214.70""
  }
}","Invoice no: 51109372
Date of issue: 05/03/2024
Seller: Client:
TechVision Distributors Pvt Ltd Nashik Smart Electronics
Plot 14, MIDC Industrial Area, Andheri East 67 College Road
Mumbai, Maharashtra - 400093 Nashik, Maharashtra - 422005
Tax Id: 27AABCT1234F1Z5 Tax Id: 228-59-8875
GSTIN: 27AABCT1234F1Z5
ITEMS
No. Description Qty UM Net Price Net Worth VAT % Gross
Worth
1. Xiaomi 14 Pro 512GB White 8.00 pcs 78,150.00 625,200.00 10% 687,720.00
2. Samsung Galaxy Tab S9 256GB 7.00 pcs 68,021.00 476,147.00 10% 523,761.70
Graphite
3. Western Digital 2TB My Passport HDD 6.00 pcs 7,331.00 43,986.00 10% 48,384.60
4. Apple Watch Series 9 GPS 45mm 4.00 pcs 43,261.00 173,044.00 10% 190,348.40
Midnight
SUMMARY
VAT % Net Worth VAT Gross Worth
10% 1,318,377.00 131,837.70 1,450,214.70
INR
Total INR 1,318,377.00 INR 1,450,214.70
131,837.70"
invoice_51109373.pdf,"{
  ""invoice_no"": ""51109373"",
  ""date_of_issue"": ""17/04/2023"",
  ""seller"": {
    ""name"": ""TechVision Distributors Pvt Ltd"",
    ""address"": ""Plot 14, MIDC Industrial Area, Andheri East, Mumbai, Maharashtra - 400093"",
    ""tax_id"": ""27AABCT1234F1Z5"",
    ""gstin"": ""27AABCT1234F1Z5""
  },
  ""client"": {
    ""name"": ""Meerut Tech Market"",
    ""address"": ""89 Begum Bridge Road, Meerut, Uttar Pradesh - 250001"",
    ""tax_id"": ""308-52-7805""
  },
  ""items"": [
    {
      ""item_no"": ""1."",
      ""description"": ""Vivo X100 Pro 256GB Asteroid Black"",
      ""quantity"": ""3.00"",
      ""unit_measure"": ""pcs"",
      ""net_price"": ""94,590.00"",
      ""net_worth"": ""283,770.00"",
      ""vat_pct"": ""10%"",
      ""gross_worth"": ""312,147.00""
    }
  ],
  ""summary"": {
    ""vat_pct"": ""10%"",
    ""net_worth"": ""283,770.00"",
    ""vat_amount"": ""28,377.00"",
    ""gross_worth"": ""312,147.00"",
    ""total_net_worth"": ""INR 283,770.00"",
    ""total_vat"": ""INR 28,377.00"",
    ""total_gross_worth"": ""INR 312,147.00""
  }
}","Invoice no: 51109373
Date of issue: 17/04/2023
Seller: Client:
TechVision Distributors Pvt Ltd Meerut Tech Market
Plot 14, MIDC Industrial Area, Andheri East 89 Begum Bridge Road
Mumbai, Maharashtra - 400093 Meerut, Uttar Pradesh - 250001
Tax Id: 27AABCT1234F1Z5 Tax Id: 308-52-7805
GSTIN: 27AABCT1234F1Z5
ITEMS
No. Description Qty UM Net Price Net Worth VAT % Gross
Worth
1. Vivo X100 Pro 256GB Asteroid Black 3.00 pcs 94,590.00 283,770.00 10% 312,147.00
SUMMARY
VAT % Net Worth VAT Gross Worth
10% 283,770.00 28,377.00 312,147.00
Total INR 283,770.00 INR 28,377.00 INR 312,147.00"
invoice_51109374.pdf,"{
  ""invoice_no"": ""51109374"",
  ""date_of_issue"": ""02/02/2024"",
  ""seller"": {
    ""name"": ""TechVision Distributors Pvt Ltd"",
    ""address"": ""Plot 14, MIDC Industrial Area, Andheri East, Mumbai, Maharashtra - 400093"",
    ""tax_id"": ""27AABCT1234F1Z5"",
    ""gstin"": ""27AABCT1234F1Z5""
  },
  ""client"": {
    ""name"": ""Agra Electronics Store"",
    ""address"": ""56 Fatehabad Road, Agra, Uttar Pradesh - 282001"",
    ""tax_id"": ""886-92-3712""
  },
  ""items"": [
    {
      ""item_no"": ""1."",
      ""description"": ""JBL Flip 6 Portable Bluetooth Speaker"",
      ""quantity"": ""8.00"",
      ""unit_measure"": ""pcs"",
      ""net_price"": ""11,473.00"",
      ""net_worth"": ""91,784.00"",
      ""vat_pct"": ""10%"",
      ""gross_worth"": ""100,962.40""
    },
    {
      ""item_no"": ""2."",
      ""description"": ""Apple MacBook Air M2 8GB 256GB Silver"",
      ""quantity"": ""9.00"",
      ""unit_measure"": ""pcs"",
      ""net_price"": ""98,710.00"",
      ""net_worth"": ""888,390.00"",
      ""vat_pct"": ""10%"",
      ""gross_worth"": ""977,229.00""
    },
    {
      ""item_no"": ""3."",
      ""description"": ""Boat Rockerz 550 Bluetooth Headphones"",
      ""quantity"": ""9.00"",
      ""unit_measure"": ""pcs"",
      ""net_price"": ""2,163.00"",
      ""net_worth"": ""19,467.00"",
      ""vat_pct"": ""10%"",
      ""gross_worth"": ""21,413.70""
    },
    {
      ""item_no"": ""4."",
      ""description"": ""Keychron K8 Pro Mechanical Keyboard"",
      ""quantity"": ""8.00"",
      ""unit_measure"": ""pcs"",
      ""net_price"": ""13,418.00"",
      ""net_worth"": ""107,344.00"",
      ""vat_pct"": ""10%"",
      ""gross_worth"": ""118,078.40""
    },
    {
      ""item_no"": ""5."",
      ""description"": ""LG UltraGear 27 inch 165Hz Gaming Monitor"",
      ""quantity"": ""1.00"",
      ""unit_measure"": ""pcs"",
      ""net_price"": ""35,063.00"",
      ""net_worth"": ""35,063.00"",
      ""vat_pct"": ""10%"",
      ""gross_worth"": ""38,569.30""
    }
  ],
  ""summary"": {
    ""vat_pct"": ""10%"",
    ""net_worth"": ""1,142,048.00"",
    ""vat_amount"": ""114,204.80"",
    ""gross_worth"": ""1,256,252.80"",
    ""total_net_worth"": ""INR 1,142,048.00"",
    ""total_vat"": ""INR 114,204.80"",
    ""total_gross_worth"": ""INR 1,256,252.80""
  }
}","Invoice no: 51109374
Date of issue: 02/02/2024
Seller: Client:
TechVision Distributors Pvt Ltd Agra Electronics Store
Plot 14, MIDC Industrial Area, Andheri East 56 Fatehabad Road
Mumbai, Maharashtra - 400093 Agra, Uttar Pradesh - 282001
Tax Id: 27AABCT1234F1Z5 Tax Id: 886-92-3712
GSTIN: 27AABCT1234F1Z5
ITEMS
No. Description Qty UM Net Price Net Worth VAT % Gross
Worth
1. JBL Flip 6 Portable Bluetooth Speaker 8.00 pcs 11,473.00 91,784.00 10% 100,962.40
2. Apple MacBook Air M2 8GB 256GB 9.00 pcs 98,710.00 888,390.00 10% 977,229.00
Silver
3. Boat Rockerz 550 Bluetooth Headphones 9.00 pcs 2,163.00 19,467.00 10% 21,413.70
4. Keychron K8 Pro Mechanical Keyboard 8.00 pcs 13,418.00 107,344.00 10% 118,078.40
5. LG UltraGear 27 inch 165Hz Gaming 1.00 pcs 35,063.00 35,063.00 10% 38,569.30
Monitor
SUMMARY
VAT % Net Worth VAT Gross Worth
10% 1,142,048.00 114,204.80 1,256,252.80
INR
Total INR 1,142,048.00 INR 1,256,252.80
114,204.80"
invoice_51109375.pdf,"{
  ""invoice_no"": ""51109375"",
  ""date_of_issue"": ""27/08/2023"",
  ""seller"": {
    ""name"": ""TechVision Distributors Pvt Ltd"",
    ""address"": ""Plot 14, MIDC Industrial Area, Andheri East, Mumbai, Maharashtra - 400093"",
    ""tax_id"": ""27AABCT1234F1Z5"",
    ""gstin"": ""27AABCT1234F1Z5""
  },
  ""client"": {
    ""name"": ""Rajkot Mobile World"",
    ""address"": ""23 Kalawad Road, Rajkot, Gujarat - 360005"",
    ""tax_id"": ""294-96-5195""
  },
  ""items"": [
    {
      ""item_no"": ""1."",
      ""description"": ""Apple AirPods Pro 2nd Gen USB-C"",
      ""quantity"": ""1.00"",
      ""unit_measure"": ""pcs"",
      ""net_price"": ""22,114.00"",
      ""net_worth"": ""22,114.00"",
      ""vat_pct"": ""10%"",
      ""gross_worth"": ""24,325.40""
    },
    {
      ""item_no"": ""2."",
      ""description"": ""Boat Rockerz 550 Bluetooth Headphones"",
      ""quantity"": ""8.00"",
      ""unit_measure"": ""pcs"",
      ""net_price"": ""1,578.00"",
      ""net_worth"": ""12,624.00"",
      ""vat_pct"": ""10%"",
      ""gross_worth"": ""13,886.40""
    },
    {
      ""item_no"": ""3."",
      ""description"": ""Samsung Galaxy S24 256GB Phantom Black"",
      ""quantity"": ""1.00"",
      ""unit_measure"": ""pcs"",
      ""net_price"": ""69,304.00"",
      ""net_worth"": ""69,304.00"",
      ""vat_pct"": ""10%"",
      ""gross_worth"": ""76,234.40""
    },
    {
      ""item_no"": ""4."",
      ""description"": ""Lenovo Tab P12 Pro 256GB Storm Grey"",
      ""quantity"": ""9.00"",
      ""unit_measure"": ""pcs"",
      ""net_price"": ""40,018.00"",
      ""net_worth"": ""360,162.00"",
      ""vat_pct"": ""10%"",
      ""gross_worth"": ""396,178.20""
    },
    {
      ""item_no"": ""5."",
      ""description"": ""Anker 65W GaN USB-C 3-Port Charger"",
      ""quantity"": ""5.00"",
      ""unit_measure"": ""pcs"",
      ""net_price"": ""2,634.00"",
      ""net_worth"": ""13,170.00"",
      ""vat_pct"": ""10%"",
      ""gross_worth"": ""14,487.00""
    }
  ],
  ""summary"": {
    ""vat_pct"": ""10%"",
    ""net_worth"": ""477,374.00"",
    ""vat_amount"": ""47,737.40"",
    ""gross_worth"": ""525,111.40"",
    ""total_net_worth"": ""INR 477,374.00"",
    ""total_vat"": ""INR 47,737.40"",
    ""total_gross_worth"": ""INR 525,111.40""
  }
}","Invoice no: 51109375
Date of issue: 27/08/2023
Seller: Client:
TechVision Distributors Pvt Ltd Rajkot Mobile World
Plot 14, MIDC Industrial Area, Andheri East 23 Kalawad Road
Mumbai, Maharashtra - 400093 Rajkot, Gujarat - 360005
Tax Id: 27AABCT1234F1Z5 Tax Id: 294-96-5195
GSTIN: 27AABCT1234F1Z5
ITEMS
No. Description Qty UM Net Price Net Worth VAT % Gross
Worth
1. Apple AirPods Pro 2nd Gen USB-C 1.00 pcs 22,114.00 22,114.00 10% 24,325.40
2. Boat Rockerz 550 Bluetooth Headphones 8.00 pcs 1,578.00 12,624.00 10% 13,886.40
3. Samsung Galaxy S24 256GB Phantom 1.00 pcs 69,304.00 69,304.00 10% 76,234.40
Black
4. Lenovo Tab P12 Pro 256GB Storm Grey 9.00 pcs 40,018.00 360,162.00 10% 396,178.20
5. Anker 65W GaN USB-C 3-Port Charger 5.00 pcs 2,634.00 13,170.00 10% 14,487.00
SUMMARY
VAT % Net Worth VAT Gross Worth
10% 477,374.00 47,737.40 525,111.40
Total INR 477,374.00 INR 47,737.40 INR 525,111.40"
invoice_51109376.pdf,"{
  ""invoice_no"": ""51109376"",
  ""date_of_issue"": ""16/10/2023"",
  ""seller"": {
    ""name"": ""TechVision Distributors Pvt Ltd"",
    ""address"": ""Plot 14, MIDC Industrial Area, Andheri East, Mumbai, Maharashtra - 400093"",
    ""tax_id"": ""27AABCT1234F1Z5"",
    ""gstin"": ""27AABCT1234F1Z5""
  },
  ""client"": {
    ""name"": ""Madurai Digital Hub"",
    ""address"": ""78 Bypass Road, Madurai, Tamil Nadu - 625010"",
    ""tax_id"": ""624-87-9105""
  },
  ""items"": [
    {
      ""item_no"": ""1."",
      ""description"": ""Samsung Galaxy Buds2 Pro Graphite"",
      ""quantity"": ""2.00"",
      ""unit_measure"": ""pcs"",
      ""net_price"": ""12,338.00"",
      ""net_worth"": ""24,676.00"",
      ""vat_pct"": ""10%"",
      ""gross_worth"": ""27,143.60""
    },
    {
      ""item_no"": ""2."",
      ""description"": ""Apple Watch Series 9 GPS 45mm Midnight"",
      ""quantity"": ""5.00"",
      ""unit_measure"": ""pcs"",
      ""net_price"": ""54,166.00"",
      ""net_worth"": ""270,830.00"",
      ""vat_pct"": ""10%"",
      ""gross_worth"": ""297,913.00""
    },
    {
      ""item_no"": ""3."",
      ""description"": ""OnePlus 12 256GB Silky Black"",
      ""quantity"": ""2.00"",
      ""unit_measure"": ""pcs"",
      ""net_price"": ""68,098.00"",
      ""net_worth"": ""136,196.00"",
      ""vat_pct"": ""10%"",
      ""gross_worth"": ""149,815.60""
    },
    {
      ""item_no"": ""4."",
      ""description"": ""Dell 27 inch 4K USB-C IPS Monitor"",
      ""quantity"": ""9.00"",
      ""unit_measure"": ""pcs"",
      ""net_price"": ""57,659.00"",
      ""net_worth"": ""518,931.00"",
      ""vat_pct"": ""10%"",
      ""gross_worth"": ""570,824.10""
    },
    {
      ""item_no"": ""5."",
      ""description"": ""Lenovo Tab P12 Pro 256GB Storm Grey"",
      ""quantity"": ""6.00"",
      ""unit_measure"": ""pcs"",
      ""net_price"": ""45,409.00"",
      ""net_worth"": ""272,454.00"",
      ""vat_pct"": ""10%"",
      ""gross_worth"": ""299,699.40""
    },
    {
      ""item_no"": ""6."",
      ""description"": ""Apple MacBook Air M2 8GB 256GB Silver"",
      ""quantity"": ""2.00"",
      ""unit_measure"": ""pcs"",
      ""net_price"": ""111,183.00"",
      ""net_worth"": ""222,366.00"",
      ""vat_pct"": ""10%"",
      ""gross_worth"": ""244,602.60""
    },
    {
      ""item_no"": ""7."",
      ""description"": ""JBL Flip 6 Portable Bluetooth Speaker"",
      ""quantity"": ""2.00"",
      ""unit_measure"": ""pcs"",
      ""net_price"": ""8,681.00"",
      ""net_worth"": ""17,362.00"",
      ""vat_pct"": ""10%"",
      ""gross_worth"": ""19,098.20""
    }
  ],
  ""summary"": {
    ""vat_pct"": ""10%"",
    ""net_worth"": ""1,462,815.00"",
    ""vat_amount"": ""146,281.50"",
    ""gross_worth"": ""1,609,096.50"",
    ""total_net_worth"": ""INR 1,462,815.00"",
    ""total_vat"": ""INR 146,281.50"",
    ""total_gross_worth"": ""INR 1,609,096.50""
  }
}","Invoice no: 51109376
Date of issue: 16/10/2023
Seller: Client:
TechVision Distributors Pvt Ltd Madurai Digital Hub
Plot 14, MIDC Industrial Area, Andheri East 78 Bypass Road
Mumbai, Maharashtra - 400093 Madurai, Tamil Nadu - 625010
Tax Id: 27AABCT1234F1Z5 Tax Id: 624-87-9105
GSTIN: 27AABCT1234F1Z5
ITEMS
No. Description Qty UM Net Price Net Worth VAT % Gross
Worth
1. Samsung Galaxy Buds2 Pro Graphite 2.00 pcs 12,338.00 24,676.00 10% 27,143.60
2. Apple Watch Series 9 GPS 45mm 5.00 pcs 54,166.00 270,830.00 10% 297,913.00
Midnight
3. OnePlus 12 256GB Silky Black 2.00 pcs 68,098.00 136,196.00 10% 149,815.60
4. Dell 27 inch 4K USB-C IPS Monitor 9.00 pcs 57,659.00 518,931.00 10% 570,824.10
5. Lenovo Tab P12 Pro 256GB Storm Grey 6.00 pcs 45,409.00 272,454.00 10% 299,699.40
6. Apple MacBook Air M2 8GB 256GB 2.00 pcs 111,183.00 222,366.00 10% 244,602.60
Silver
7. JBL Flip 6 Portable Bluetooth Speaker 2.00 pcs 8,681.00 17,362.00 10% 19,098.20
SUMMARY
VAT % Net Worth VAT Gross Worth
10% 1,462,815.00 146,281.50 1,609,096.50
INR
Total INR 1,462,815.00 INR 1,609,096.50
146,281.50"
invoice_51109377.pdf,"{
  ""invoice_no"": ""51109377"",
  ""date_of_issue"": ""15/11/2023"",
  ""seller"": {
    ""name"": ""TechVision Distributors Pvt Ltd"",
    ""address"": ""Plot 14, MIDC Industrial Area, Andheri East, Mumbai, Maharashtra - 400093"",
    ""tax_id"": ""27AABCT1234F1Z5"",
    ""gstin"": ""27AABCT1234F1Z5""
  },
  ""client"": {
    ""name"": ""Ranchi Gadget Point"",
    ""address"": ""34 Main Road Lalpur, Ranchi, Jharkhand - 834001"",
    ""tax_id"": ""154-51-6066""
  },
  ""items"": [
    {
      ""item_no"": ""1."",
      ""description"": ""Samsung Galaxy Watch6 Classic 47mm"",
      ""quantity"": ""6.00"",
      ""unit_measure"": ""pcs"",
      ""net_price"": ""31,130.00"",
      ""net_worth"": ""186,780.00"",
      ""vat_pct"": ""10%"",
      ""gross_worth"": ""205,458.00""
    },
    {
      ""item_no"": ""2."",
      ""description"": ""TP-Link Archer AX73 WiFi 6 Router"",
      ""quantity"": ""1.00"",
      ""unit_measure"": ""pcs"",
      ""net_price"": ""14,931.00"",
      ""net_worth"": ""14,931.00"",
      ""vat_pct"": ""10%"",
      ""gross_worth"": ""16,424.10""
    },
    {
      ""item_no"": ""3."",
      ""description"": ""JBL Flip 6 Portable Bluetooth Speaker"",
      ""quantity"": ""3.00"",
      ""unit_measure"": ""pcs"",
      ""net_price"": ""9,100.00"",
      ""net_worth"": ""27,300.00"",
      ""vat_pct"": ""10%"",
      ""gross_worth"": ""30,030.00""
    },
    {
      ""item_no"": ""4."",
      ""description"": ""Anker 65W GaN USB-C 3-Port Charger"",
      ""quantity"": ""10.00"",
      ""unit_measure"": ""pcs"",
      ""net_price"": ""2,528.00"",
      ""net_worth"": ""25,280.00"",
      ""vat_pct"": ""10%"",
      ""gross_worth"": ""27,808.00""
    },
    {
      ""item_no"": ""5."",
      ""description"": ""Boat Rockerz 550 Bluetooth Headphones"",
      ""quantity"": ""3.00"",
      ""unit_measure"": ""pcs"",
      ""net_price"": ""1,624.00"",
      ""net_worth"": ""4,872.00"",
      ""vat_pct"": ""10%"",
      ""gross_worth"": ""5,359.20""
    },
    {
      ""item_no"": ""6."",
      ""description"": ""Samsung Galaxy Tab S9 256GB Graphite"",
      ""quantity"": ""9.00"",
      ""unit_measure"": ""pcs"",
      ""net_price"": ""69,816.00"",
      ""net_worth"": ""628,344.00"",
      ""vat_pct"": ""10%"",
      ""gross_worth"": ""691,178.40""
    },
    {
      ""item_no"": ""7."",
      ""description"": ""Philips Hue White Ambiance Starter Kit"",
      ""quantity"": ""6.00"",
      ""unit_measure"": ""pcs"",
      ""net_price"": ""6,329.00"",
      ""net_worth"": ""37,974.00"",
      ""vat_pct"": ""10%"",
      ""gross_worth"": ""41,771.40""
    }
  ],
  ""summary"": {
    ""vat_pct"": ""10%"",
    ""net_worth"": ""925,481.00"",
    ""vat_amount"": ""92,548.10"",
    ""gross_worth"": ""1,018,029.10"",
    ""total_net_worth"": ""INR 925,481.00"",
    ""total_vat"": ""INR 92,548.10"",
    ""total_gross_worth"": ""INR 1,018,029.10""
  }
}","Invoice no: 51109377
Date of issue: 15/11/2023
Seller: Client:
TechVision Distributors Pvt Ltd Ranchi Gadget Point
Plot 14, MIDC Industrial Area, Andheri East 34 Main Road Lalpur
Mumbai, Maharashtra - 400093 Ranchi, Jharkhand - 834001
Tax Id: 27AABCT1234F1Z5 Tax Id: 154-51-6066
GSTIN: 27AABCT1234F1Z5
ITEMS
No. Description Qty UM Net Price Net Worth VAT % Gross
Worth
1. Samsung Galaxy Watch6 Classic 47mm 6.00 pcs 31,130.00 186,780.00 10% 205,458.00
2. TP-Link Archer AX73 WiFi 6 Router 1.00 pcs 14,931.00 14,931.00 10% 16,424.10
3. JBL Flip 6 Portable Bluetooth Speaker 3.00 pcs 9,100.00 27,300.00 10% 30,030.00
4. Anker 65W GaN USB-C 3-Port Charger 10.00 pcs 2,528.00 25,280.00 10% 27,808.00
5. Boat Rockerz 550 Bluetooth Headphones 3.00 pcs 1,624.00 4,872.00 10% 5,359.20
6. Samsung Galaxy Tab S9 256GB 9.00 pcs 69,816.00 628,344.00 10% 691,178.40
Graphite
7. Philips Hue White Ambiance Starter Kit 6.00 pcs 6,329.00 37,974.00 10% 41,771.40
SUMMARY
VAT % Net Worth VAT Gross Worth
10% 925,481.00 92,548.10 1,018,029.10
Total INR 925,481.00 INR 92,548.10 INR 1,018,029.10"
invoice_51109378.pdf,"{
  ""invoice_no"": ""51109378"",
  ""date_of_issue"": ""07/12/2023"",
  ""seller"": {
    ""name"": ""TechVision Distributors Pvt Ltd"",
    ""address"": ""Plot 14, MIDC Industrial Area, Andheri East, Mumbai, Maharashtra - 400093"",
    ""tax_id"": ""27AABCT1234F1Z5"",
    ""gstin"": ""27AABCT1234F1Z5""
  },
  ""client"": {
    ""name"": ""Guwahati Electronics City"",
    ""address"": ""11 GS Road Ulubari, Guwahati, Assam - 781005"",
    ""tax_id"": ""816-56-1155""
  },
  ""items"": [
    {
      ""item_no"": ""1."",
      ""description"": ""Lenovo Tab P12 Pro 256GB Storm Grey"",
      ""quantity"": ""6.00"",
      ""unit_measure"": ""pcs"",
      ""net_price"": ""39,006.00"",
      ""net_worth"": ""234,036.00"",
      ""vat_pct"": ""10%"",
      ""gross_worth"": ""257,439.60""
    },
    {
      ""item_no"": ""2."",
      ""description"": ""Samsung Galaxy Buds2 Pro Graphite"",
      ""quantity"": ""4.00"",
      ""unit_measure"": ""pcs"",
      ""net_price"": ""14,209.00"",
      ""net_worth"": ""56,836.00"",
      ""vat_pct"": ""10%"",
      ""gross_worth"": ""62,519.60""
    },
    {
      ""item_no"": ""3."",
      ""description"": ""Western Digital 2TB My Passport HDD"",
      ""quantity"": ""7.00"",
      ""unit_measure"": ""pcs"",
      ""net_price"": ""7,994.00"",
      ""net_worth"": ""55,958.00"",
      ""vat_pct"": ""10%"",
      ""gross_worth"": ""61,553.80""
    },
    {
      ""item_no"": ""4."",
      ""description"": ""Apple MacBook Air M2 8GB 256GB Silver"",
      ""quantity"": ""8.00"",
      ""unit_measure"": ""pcs"",
      ""net_price"": ""113,594.00"",
      ""net_worth"": ""908,752.00"",
      ""vat_pct"": ""10%"",
      ""gross_worth"": ""999,627.20""
    },
    {
      ""item_no"": ""5."",
      ""description"": ""Apple iPad Air M1 64GB WiFi Space Grey"",
      ""quantity"": ""5.00"",
      ""unit_measure"": ""pcs"",
      ""net_price"": ""58,421.00"",
      ""net_worth"": ""292,105.00"",
      ""vat_pct"": ""10%"",
      ""gross_worth"": ""321,315.50""
    },
    {
      ""item_no"": ""6."",
      ""description"": ""Keychron K8 Pro Mechanical Keyboard"",
      ""quantity"": ""9.00"",
      ""unit_measure"": ""pcs"",
      ""net_price"": ""12,153.00"",
      ""net_worth"": ""109,377.00"",
      ""vat_pct"": ""10%"",
      ""gross_worth"": ""120,314.70""
    },
    {
      ""item_no"": ""7."",
      ""description"": ""Samsung Galaxy Tab S9 256GB Graphite"",
      ""quantity"": ""9.00"",
      ""unit_measure"": ""pcs"",
      ""net_price"": ""73,998.00"",
      ""net_worth"": ""665,982.00"",
      ""vat_pct"": ""10%"",
      ""gross_worth"": ""732,580.20""
    },
    {
      ""item_no"": ""8."",
      ""description"": ""LG UltraGear 27 inch 165Hz Gaming Monitor"",
      ""quantity"": ""10.00"",
      ""unit_measure"": ""pcs"",
      ""net_price"": ""38,830.00"",
      ""net_worth"": ""388,300.00"",
      ""vat_pct"": ""10%"",
      ""gross_worth"": ""427,130.00""
    }
  ],
  ""summary"": {
    ""vat_pct"": ""10%"",
    ""net_worth"": ""2,711,346.00"",
    ""vat_amount"": ""271,134.60"",
    ""gross_worth"": ""2,982,480.60"",
    ""total_net_worth"": ""INR 2,711,346.00"",
    ""total_vat"": ""INR 271,134.60"",
    ""total_gross_worth"": ""INR 2,982,480.60""
  }
}","Invoice no: 51109378
Date of issue: 07/12/2023
Seller: Client:
TechVision Distributors Pvt Ltd Guwahati Electronics City
Plot 14, MIDC Industrial Area, Andheri East 11 GS Road Ulubari
Mumbai, Maharashtra - 400093 Guwahati, Assam - 781005
Tax Id: 27AABCT1234F1Z5 Tax Id: 816-56-1155
GSTIN: 27AABCT1234F1Z5
ITEMS
No. Description Qty UM Net Price Net Worth VAT % Gross
Worth
1. Lenovo Tab P12 Pro 256GB Storm Grey 6.00 pcs 39,006.00 234,036.00 10% 257,439.60
2. Samsung Galaxy Buds2 Pro Graphite 4.00 pcs 14,209.00 56,836.00 10% 62,519.60
3. Western Digital 2TB My Passport HDD 7.00 pcs 7,994.00 55,958.00 10% 61,553.80
4. Apple MacBook Air M2 8GB 256GB 8.00 pcs 113,594.00 908,752.00 10% 999,627.20
Silver
5. Apple iPad Air M1 64GB WiFi Space 5.00 pcs 58,421.00 292,105.00 10% 321,315.50
Grey
6. Keychron K8 Pro Mechanical Keyboard 9.00 pcs 12,153.00 109,377.00 10% 120,314.70
7. Samsung Galaxy Tab S9 256GB 9.00 pcs 73,998.00 665,982.00 10% 732,580.20
Graphite
8. LG UltraGear 27 inch 165Hz Gaming 10.00 pcs 38,830.00 388,300.00 10% 427,130.00
Monitor
SUMMARY
VAT % Net Worth VAT Gross Worth
10% 2,711,346.00 271,134.60 2,982,480.60
INR
Total INR 2,711,346.00 INR 2,982,480.60
271,134.60"
invoice_51109379.pdf,"{
  ""invoice_no"": ""51109379"",
  ""date_of_issue"": ""22/08/2023"",
  ""seller"": {
    ""name"": ""TechVision Distributors Pvt Ltd"",
    ""address"": ""Plot 14, MIDC Industrial Area, Andheri East, Mumbai, Maharashtra - 400093"",
    ""tax_id"": ""27AABCT1234F1Z5"",
    ""gstin"": ""27AABCT1234F1Z5""
  },
  ""client"": {
    ""name"": ""Dehradun Tech Store"",
    ""address"": ""45 Rajpur Road, Dehradun, Uttarakhand - 248001"",
    ""tax_id"": ""609-36-2747""
  },
  ""items"": [
    {
      ""item_no"": ""1."",
      ""description"": ""Samsung Galaxy S24 256GB Phantom Black"",
      ""quantity"": ""4.00"",
      ""unit_measure"": ""pcs"",
      ""net_price"": ""82,136.00"",
      ""net_worth"": ""328,544.00"",
      ""vat_pct"": ""10%"",
      ""gross_worth"": ""361,398.40""
    },
    {
      ""item_no"": ""2."",
      ""description"": ""Samsung Galaxy Buds2 Pro Graphite"",
      ""quantity"": ""6.00"",
      ""unit_measure"": ""pcs"",
      ""net_price"": ""14,282.00"",
      ""net_worth"": ""85,692.00"",
      ""vat_pct"": ""10%"",
      ""gross_worth"": ""94,261.20""
    },
    {
      ""item_no"": ""3."",
      ""description"": ""Belkin MagSafe 3-in-1 Wireless Charger"",
      ""quantity"": ""2.00"",
      ""unit_measure"": ""pcs"",
      ""net_price"": ""6,723.00"",
      ""net_worth"": ""13,446.00"",
      ""vat_pct"": ""10%"",
      ""gross_worth"": ""14,790.60""
    },
    {
      ""item_no"": ""4."",
      ""description"": ""Dell 27 inch 4K USB-C IPS Monitor"",
      ""quantity"": ""5.00"",
      ""unit_measure"": ""pcs"",
      ""net_price"": ""40,242.00"",
      ""net_worth"": ""201,210.00"",
      ""vat_pct"": ""10%"",
      ""gross_worth"": ""221,331.00""
    },
    {
      ""item_no"": ""5."",
      ""description"": ""GoPro Hero 12 Black Action Camera"",
      ""quantity"": ""10.00"",
      ""unit_measure"": ""pcs"",
      ""net_price"": ""35,739.00"",
      ""net_worth"": ""357,390.00"",
      ""vat_pct"": ""10%"",
      ""gross_worth"": ""393,129.00""
    }
  ],
  ""summary"": {
    ""vat_pct"": ""10%"",
    ""net_worth"": ""986,282.00"",
    ""vat_amount"": ""98,628.20"",
    ""gross_worth"": ""1,084,910.20"",
    ""total_net_worth"": ""INR 986,282.00"",
    ""total_vat"": ""INR 98,628.20"",
    ""total_gross_worth"": ""INR 1,084,910.20""
  }
}","Invoice no: 51109379
Date of issue: 22/08/2023
Seller: Client:
TechVision Distributors Pvt Ltd Dehradun Tech Store
Plot 14, MIDC Industrial Area, Andheri East 45 Rajpur Road
Mumbai, Maharashtra - 400093 Dehradun, Uttarakhand - 248001
Tax Id: 27AABCT1234F1Z5 Tax Id: 609-36-2747
GSTIN: 27AABCT1234F1Z5
ITEMS
No. Description Qty UM Net Price Net Worth VAT % Gross
Worth
1. Samsung Galaxy S24 256GB Phantom 4.00 pcs 82,136.00 328,544.00 10% 361,398.40
Black
2. Samsung Galaxy Buds2 Pro Graphite 6.00 pcs 14,282.00 85,692.00 10% 94,261.20
3. Belkin MagSafe 3-in-1 Wireless Charger 2.00 pcs 6,723.00 13,446.00 10% 14,790.60
4. Dell 27 inch 4K USB-C IPS Monitor 5.00 pcs 40,242.00 201,210.00 10% 221,331.00
5. GoPro Hero 12 Black Action Camera 10.00 pcs 35,739.00 357,390.00 10% 393,129.00
SUMMARY
VAT % Net Worth VAT Gross Worth
10% 986,282.00 98,628.20 1,084,910.20
Total INR 986,282.00 INR 98,628.20 INR 1,084,910.20"
invoice_51109380.pdf,"{
  ""invoice_no"": ""51109380"",
  ""date_of_issue"": ""19/06/2023"",
  ""seller"": {
    ""name"": ""TechVision Distributors Pvt Ltd"",
    ""address"": ""Plot 14, MIDC Industrial Area, Andheri East, Mumbai, Maharashtra - 400093"",
    ""tax_id"": ""27AABCT1234F1Z5"",
    ""gstin"": ""27AABCT1234F1Z5""
  },
  ""client"": {
    ""name"": ""Raipur Smart Devices"",
    ""address"": ""67 Pandri Main Road, Raipur, Chhattisgarh - 492001"",
    ""tax_id"": ""495-91-1988""
  },
  ""items"": [
    {
      ""item_no"": ""1."",
      ""description"": ""Apple iPad Air M1 64GB WiFi Space Grey"",
      ""quantity"": ""4.00"",
      ""unit_measure"": ""pcs"",
      ""net_price"": ""62,411.00"",
      ""net_worth"": ""249,644.00"",
      ""vat_pct"": ""10%"",
      ""gross_worth"": ""274,608.40""
    },
    {
      ""item_no"": ""2."",
      ""description"": ""Anker 65W GaN USB-C 3-Port Charger"",
      ""quantity"": ""9.00"",
      ""unit_measure"": ""pcs"",
      ""net_price"": ""3,630.00"",
      ""net_worth"": ""32,670.00"",
      ""vat_pct"": ""10%"",
      ""gross_worth"": ""35,937.00""
    },
    {
      ""item_no"": ""3."",
      ""description"": ""Apple Watch Series 9 GPS 45mm Midnight"",
      ""quantity"": ""4.00"",
      ""unit_measure"": ""pcs"",
      ""net_price"": ""53,434.00"",
      ""net_worth"": ""213,736.00"",
      ""vat_pct"": ""10%"",
      ""gross_worth"": ""235,109.60""
    }
  ],
  ""summary"": {
    ""vat_pct"": ""10%"",
    ""net_worth"": ""496,050.00"",
    ""vat_amount"": ""49,605.00"",
    ""gross_worth"": ""545,655.00"",
    ""total_net_worth"": ""INR 496,050.00"",
    ""total_vat"": ""INR 49,605.00"",
    ""total_gross_worth"": ""INR 545,655.00""
  }
}","Invoice no: 51109380
Date of issue: 19/06/2023
Seller: Client:
TechVision Distributors Pvt Ltd Raipur Smart Devices
Plot 14, MIDC Industrial Area, Andheri East 67 Pandri Main Road
Mumbai, Maharashtra - 400093 Raipur, Chhattisgarh - 492001
Tax Id: 27AABCT1234F1Z5 Tax Id: 495-91-1988
GSTIN: 27AABCT1234F1Z5
ITEMS
No. Description Qty UM Net Price Net Worth VAT % Gross
Worth
1. Apple iPad Air M1 64GB WiFi Space 4.00 pcs 62,411.00 249,644.00 10% 274,608.40
Grey
2. Anker 65W GaN USB-C 3-Port Charger 9.00 pcs 3,630.00 32,670.00 10% 35,937.00
3. Apple Watch Series 9 GPS 45mm 4.00 pcs 53,434.00 213,736.00 10% 235,109.60
Midnight
SUMMARY
VAT % Net Worth VAT Gross Worth
10% 496,050.00 49,605.00 545,655.00
Total INR 496,050.00 INR 49,605.00 INR 545,655.00"
invoice_51109381.pdf,"{
  ""invoice_no"": ""51109381"",
  ""date_of_issue"": ""06/08/2023"",
  ""seller"": {
    ""name"": ""TechVision Distributors Pvt Ltd"",
    ""address"": ""Plot 14, MIDC Industrial Area, Andheri East, Mumbai, Maharashtra - 400093"",
    ""tax_id"": ""27AABCT1234F1Z5"",
    ""gstin"": ""27AABCT1234F1Z5""
  },
  ""client"": {
    ""name"": ""Ludhiana Digital World"",
    ""address"": ""89 Ferozepur Road, Ludhiana, Punjab - 141001"",
    ""tax_id"": ""990-36-7263""
  },
  ""items"": [
    {
      ""item_no"": ""1."",
      ""description"": ""Keychron K8 Pro Mechanical Keyboard"",
      ""quantity"": ""5.00"",
      ""unit_measure"": ""pcs"",
      ""net_price"": ""13,138.00"",
      ""net_worth"": ""65,690.00"",
      ""vat_pct"": ""10%"",
      ""gross_worth"": ""72,259.00""
    },
    {
      ""item_no"": ""2."",
      ""description"": ""JBL Flip 6 Portable Bluetooth Speaker"",
      ""quantity"": ""4.00"",
      ""unit_measure"": ""pcs"",
      ""net_price"": ""10,586.00"",
      ""net_worth"": ""42,344.00"",
      ""vat_pct"": ""10%"",
      ""gross_worth"": ""46,578.40""
    },
    {
      ""item_no"": ""3."",
      ""description"": ""Lenovo IdeaPad Slim 5 i5 16GB 512GB"",
      ""quantity"": ""1.00"",
      ""unit_measure"": ""pcs"",
      ""net_price"": ""74,805.00"",
      ""net_worth"": ""74,805.00"",
      ""vat_pct"": ""10%"",
      ""gross_worth"": ""82,285.50""
    },
    {
      ""item_no"": ""4."",
      ""description"": ""Sony Bravia 55 inch 4K OLED TV"",
      ""quantity"": ""7.00"",
      ""unit_measure"": ""pcs"",
      ""net_price"": ""135,248.00"",
      ""net_worth"": ""946,736.00"",
      ""vat_pct"": ""10%"",
      ""gross_worth"": ""1,041,409.6\n0""
    }
  ],
  ""summary"": {
    ""vat_pct"": ""10%"",
    ""net_worth"": ""1,129,575.00"",
    ""vat_amount"": ""112,957.50"",
    ""gross_worth"": ""1,242,532.50"",
    ""total_net_worth"": ""INR 1,129,575.00"",
    ""total_vat"": ""INR 112,957.50"",
    ""total_gross_worth"": ""INR 1,242,532.50""
  }
}","Invoice no: 51109381
Date of issue: 06/08/2023
Seller: Client:
TechVision Distributors Pvt Ltd Ludhiana Digital World
Plot 14, MIDC Industrial Area, Andheri East 89 Ferozepur Road
Mumbai, Maharashtra - 400093 Ludhiana, Punjab - 141001
Tax Id: 27AABCT1234F1Z5 Tax Id: 990-36-7263
GSTIN: 27AABCT1234F1Z5
ITEMS
No. Description Qty UM Net Price Net Worth VAT % Gross
Worth
1. Keychron K8 Pro Mechanical Keyboard 5.00 pcs 13,138.00 65,690.00 10% 72,259.00
2. JBL Flip 6 Portable Bluetooth Speaker 4.00 pcs 10,586.00 42,344.00 10% 46,578.40
3. Lenovo IdeaPad Slim 5 i5 16GB 512GB 1.00 pcs 74,805.00 74,805.00 10% 82,285.50
4. Sony Bravia 55 inch 4K OLED TV 7.00 pcs 135,248.00 946,736.00 10% 1,041,409.6
0
SUMMARY
VAT % Net Worth VAT Gross Worth
10% 1,129,575.00 112,957.50 1,242,532.50
INR
Total INR 1,129,575.00 INR 1,242,532.50
112,957.50"
invoice_51109382.pdf,"{
  ""invoice_no"": ""51109382"",
  ""date_of_issue"": ""11/05/2023"",
  ""seller"": {
    ""name"": ""TechVision Distributors Pvt Ltd"",
    ""address"": ""Plot 14, MIDC Industrial Area, Andheri East, Mumbai, Maharashtra - 400093"",
    ""tax_id"": ""27AABCT1234F1Z5"",
    ""gstin"": ""27AABCT1234F1Z5""
  },
  ""client"": {
    ""name"": ""Bhubaneswar Tech Hub"",
    ""address"": ""23 Janpath Nayapalli, Bhubaneswar, Odisha - 751022"",
    ""tax_id"": ""747-53-7053""
  },
  ""items"": [
    {
      ""item_no"": ""1."",
      ""description"": ""Apple Watch Series 9 GPS 45mm Midnight"",
      ""quantity"": ""6.00"",
      ""unit_measure"": ""pcs"",
      ""net_price"": ""53,381.00"",
      ""net_worth"": ""320,286.00"",
      ""vat_pct"": ""10%"",
      ""gross_worth"": ""352,314.60""
    },
    {
      ""item_no"": ""2."",
      ""description"": ""Apple iPad Air M1 64GB WiFi Space Grey"",
      ""quantity"": ""6.00"",
      ""unit_measure"": ""pcs"",
      ""net_price"": ""65,200.00"",
      ""net_worth"": ""391,200.00"",
      ""vat_pct"": ""10%"",
      ""gross_worth"": ""430,320.00""
    }
  ],
  ""summary"": {
    ""vat_pct"": ""10%"",
    ""net_worth"": ""711,486.00"",
    ""vat_amount"": ""71,148.60"",
    ""gross_worth"": ""782,634.60"",
    ""total_net_worth"": ""INR 711,486.00"",
    ""total_vat"": ""INR 71,148.60"",
    ""total_gross_worth"": ""INR 782,634.60""
  }
}","Invoice no: 51109382
Date of issue: 11/05/2023
Seller: Client:
TechVision Distributors Pvt Ltd Bhubaneswar Tech Hub
Plot 14, MIDC Industrial Area, Andheri East 23 Janpath Nayapalli
Mumbai, Maharashtra - 400093 Bhubaneswar, Odisha - 751022
Tax Id: 27AABCT1234F1Z5 Tax Id: 747-53-7053
GSTIN: 27AABCT1234F1Z5
ITEMS
No. Description Qty UM Net Price Net Worth VAT % Gross
Worth
1. Apple Watch Series 9 GPS 45mm 6.00 pcs 53,381.00 320,286.00 10% 352,314.60
Midnight
2. Apple iPad Air M1 64GB WiFi Space 6.00 pcs 65,200.00 391,200.00 10% 430,320.00
Grey
SUMMARY
VAT % Net Worth VAT Gross Worth
10% 711,486.00 71,148.60 782,634.60
Total INR 711,486.00 INR 71,148.60 INR 782,634.60"
invoice_51109383.pdf,"{
  ""invoice_no"": ""51109383"",
  ""date_of_issue"": ""03/11/2023"",
  ""seller"": {
    ""name"": ""TechVision Distributors Pvt Ltd"",
    ""address"": ""Plot 14, MIDC Industrial Area, Andheri East, Mumbai, Maharashtra - 400093"",
    ""tax_id"": ""27AABCT1234F1Z5"",
    ""gstin"": ""27AABCT1234F1Z5""
  },
  ""client"": {
    ""name"": ""Thiruvananthapuram Gadgets"",
    ""address"": ""56 MG Road Thampanoor, Thiruvananthapuram, Kerala - 695001"",
    ""tax_id"": ""210-80-2229""
  },
  ""items"": [
    {
      ""item_no"": ""1."",
      ""description"": ""Apple iPad Air M1 64GB WiFi Space Grey"",
      ""quantity"": ""10.00"",
      ""unit_measure"": ""pcs"",
      ""net_price"": ""68,521.00"",
      ""net_worth"": ""685,210.00"",
      ""vat_pct"": ""10%"",
      ""gross_worth"": ""753,731.00""
    },
    {
      ""item_no"": ""2."",
      ""description"": ""Apple iPhone 15 Pro 256GB Titanium"",
      ""quantity"": ""2.00"",
      ""unit_measure"": ""pcs"",
      ""net_price"": ""134,274.00"",
      ""net_worth"": ""268,548.00"",
      ""vat_pct"": ""10%"",
      ""gross_worth"": ""295,402.80""
    },
    {
      ""item_no"": ""3."",
      ""description"": ""Logitech MX Master 3S Wireless Mouse"",
      ""quantity"": ""2.00"",
      ""unit_measure"": ""pcs"",
      ""net_price"": ""11,473.00"",
      ""net_worth"": ""22,946.00"",
      ""vat_pct"": ""10%"",
      ""gross_worth"": ""25,240.60""
    },
    {
      ""item_no"": ""4."",
      ""description"": ""Samsung Galaxy Tab S9 256GB Graphite"",
      ""quantity"": ""3.00"",
      ""unit_measure"": ""pcs"",
      ""net_price"": ""67,099.00"",
      ""net_worth"": ""201,297.00"",
      ""vat_pct"": ""10%"",
      ""gross_worth"": ""221,426.70""
    },
    {
      ""item_no"": ""5."",
      ""description"": ""Apple iPhone 15 128GB Black"",
      ""quantity"": ""4.00"",
      ""unit_measure"": ""pcs"",
      ""net_price"": ""84,577.00"",
      ""net_worth"": ""338,308.00"",
      ""vat_pct"": ""10%"",
      ""gross_worth"": ""372,138.80""
    },
    {
      ""item_no"": ""6."",
      ""description"": ""Boat Rockerz 550 Bluetooth Headphones"",
      ""quantity"": ""1.00"",
      ""unit_measure"": ""pcs"",
      ""net_price"": ""2,991.00"",
      ""net_worth"": ""2,991.00"",
      ""vat_pct"": ""10%"",
      ""gross_worth"": ""3,290.10""
    },
    {
      ""item_no"": ""7."",
      ""description"": ""Samsung Galaxy Watch6 Classic 47mm"",
      ""quantity"": ""8.00"",
      ""unit_measure"": ""pcs"",
      ""net_price"": ""33,511.00"",
      ""net_worth"": ""268,088.00"",
      ""vat_pct"": ""10%"",
      ""gross_worth"": ""294,896.80""
    }
  ],
  ""summary"": {
    ""vat_pct"": ""10%"",
    ""net_worth"": ""1,787,388.00"",
    ""vat_amount"": ""178,738.80"",
    ""gross_worth"": ""1,966,126.80"",
    ""total_net_worth"": ""INR 1,787,388.00"",
    ""total_vat"": ""INR 178,738.80"",
    ""total_gross_worth"": ""INR 1,966,126.80""
  }
}","Invoice no: 51109383
Date of issue: 03/11/2023
Seller: Client:
TechVision Distributors Pvt Ltd Thiruvananthapuram Gadgets
Plot 14, MIDC Industrial Area, Andheri East 56 MG Road Thampanoor
Mumbai, Maharashtra - 400093 Thiruvananthapuram, Kerala - 695001
Tax Id: 27AABCT1234F1Z5 Tax Id: 210-80-2229
GSTIN: 27AABCT1234F1Z5
ITEMS
No. Description Qty UM Net Price Net Worth VAT % Gross
Worth
1. Apple iPad Air M1 64GB WiFi Space 10.00 pcs 68,521.00 685,210.00 10% 753,731.00
Grey
2. Apple iPhone 15 Pro 256GB Titanium 2.00 pcs 134,274.00 268,548.00 10% 295,402.80
3. Logitech MX Master 3S Wireless Mouse 2.00 pcs 11,473.00 22,946.00 10% 25,240.60
4. Samsung Galaxy Tab S9 256GB 3.00 pcs 67,099.00 201,297.00 10% 221,426.70
Graphite
5. Apple iPhone 15 128GB Black 4.00 pcs 84,577.00 338,308.00 10% 372,138.80
6. Boat Rockerz 550 Bluetooth Headphones 1.00 pcs 2,991.00 2,991.00 10% 3,290.10
7. Samsung Galaxy Watch6 Classic 47mm 8.00 pcs 33,511.00 268,088.00 10% 294,896.80
SUMMARY
VAT % Net Worth VAT Gross Worth
10% 1,787,388.00 178,738.80 1,966,126.80
INR
Total INR 1,787,388.00 INR 1,966,126.80
178,738.80"
invoice_51109384.pdf,"{
  ""invoice_no"": ""51109384"",
  ""date_of_issue"": ""05/04/2024"",
  ""seller"": {
    ""name"": ""TechVision Distributors Pvt Ltd"",
    ""address"": ""Plot 14, MIDC Industrial Area, Andheri East, Mumbai, Maharashtra - 400093"",
    ""tax_id"": ""27AABCT1234F1Z5"",
    ""gstin"": ""27AABCT1234F1Z5""
  },
  ""client"": {
    ""name"": ""Mysuru Electronics"",
    ""address"": ""34 Dhanvantri Road, Mysuru, Karnataka - 570001"",
    ""tax_id"": ""862-24-5151""
  },
  ""items"": [
    {
      ""item_no"": ""1."",
      ""description"": ""Apple MacBook Air M2 8GB 256GB Silver"",
      ""quantity"": ""6.00"",
      ""unit_measure"": ""pcs"",
      ""net_price"": ""113,412.00"",
      ""net_worth"": ""680,472.00"",
      ""vat_pct"": ""10%"",
      ""gross_worth"": ""748,519.20""
    },
    {
      ""item_no"": ""2."",
      ""description"": ""Samsung T7 Shield 1TB Portable SSD"",
      ""quantity"": ""7.00"",
      ""unit_measure"": ""pcs"",
      ""net_price"": ""8,600.00"",
      ""net_worth"": ""60,200.00"",
      ""vat_pct"": ""10%"",
      ""gross_worth"": ""66,220.00""
    },
    {
      ""item_no"": ""3."",
      ""description"": ""Asus VivoBook 16 Ryzen 7 16GB 512GB"",
      ""quantity"": ""1.00"",
      ""unit_measure"": ""pcs"",
      ""net_price"": ""69,398.00"",
      ""net_worth"": ""69,398.00"",
      ""vat_pct"": ""10%"",
      ""gross_worth"": ""76,337.80""
    },
    {
      ""item_no"": ""4."",
      ""description"": ""TP-Link Archer AX73 WiFi 6 Router"",
      ""quantity"": ""6.00"",
      ""unit_measure"": ""pcs"",
      ""net_price"": ""14,072.00"",
      ""net_worth"": ""84,432.00"",
      ""vat_pct"": ""10%"",
      ""gross_worth"": ""92,875.20""
    },
    {
      ""item_no"": ""5."",
      ""description"": ""Samsung Galaxy Watch6 Classic 47mm"",
      ""quantity"": ""6.00"",
      ""unit_measure"": ""pcs"",
      ""net_price"": ""27,228.00"",
      ""net_worth"": ""163,368.00"",
      ""vat_pct"": ""10%"",
      ""gross_worth"": ""179,704.80""
    },
    {
      ""item_no"": ""6."",
      ""description"": ""JBL Flip 6 Portable Bluetooth Speaker"",
      ""quantity"": ""5.00"",
      ""unit_measure"": ""pcs"",
      ""net_price"": ""11,286.00"",
      ""net_worth"": ""56,430.00"",
      ""vat_pct"": ""10%"",
      ""gross_worth"": ""62,073.00""
    },
    {
      ""item_no"": ""7."",
      ""description"": ""OnePlus 12 256GB Silky Black"",
      ""quantity"": ""9.00"",
      ""unit_measure"": ""pcs"",
      ""net_price"": ""61,280.00"",
      ""net_worth"": ""551,520.00"",
      ""vat_pct"": ""10%"",
      ""gross_worth"": ""606,672.00""
    }
  ],
  ""summary"": {
    ""vat_pct"": ""10%"",
    ""net_worth"": ""1,665,820.00"",
    ""vat_amount"": ""166,582.00"",
    ""gross_worth"": ""1,832,402.00"",
    ""total_net_worth"": ""INR 1,665,820.00"",
    ""total_vat"": ""INR 166,582.00"",
    ""total_gross_worth"": ""INR 1,832,402.00""
  }
}","Invoice no: 51109384
Date of issue: 05/04/2024
Seller: Client:
TechVision Distributors Pvt Ltd Mysuru Electronics
Plot 14, MIDC Industrial Area, Andheri East 34 Dhanvantri Road
Mumbai, Maharashtra - 400093 Mysuru, Karnataka - 570001
Tax Id: 27AABCT1234F1Z5 Tax Id: 862-24-5151
GSTIN: 27AABCT1234F1Z5
ITEMS
No. Description Qty UM Net Price Net Worth VAT % Gross
Worth
1. Apple MacBook Air M2 8GB 256GB 6.00 pcs 113,412.00 680,472.00 10% 748,519.20
Silver
2. Samsung T7 Shield 1TB Portable SSD 7.00 pcs 8,600.00 60,200.00 10% 66,220.00
3. Asus VivoBook 16 Ryzen 7 16GB 512GB 1.00 pcs 69,398.00 69,398.00 10% 76,337.80
4. TP-Link Archer AX73 WiFi 6 Router 6.00 pcs 14,072.00 84,432.00 10% 92,875.20
5. Samsung Galaxy Watch6 Classic 47mm 6.00 pcs 27,228.00 163,368.00 10% 179,704.80
6. JBL Flip 6 Portable Bluetooth Speaker 5.00 pcs 11,286.00 56,430.00 10% 62,073.00
7. OnePlus 12 256GB Silky Black 9.00 pcs 61,280.00 551,520.00 10% 606,672.00
SUMMARY
VAT % Net Worth VAT Gross Worth
10% 1,665,820.00 166,582.00 1,832,402.00
INR
Total INR 1,665,820.00 INR 1,832,402.00
166,582.00"
invoice_51109385.pdf,"{
  ""invoice_no"": ""51109385"",
  ""date_of_issue"": ""06/08/2023"",
  ""seller"": {
    ""name"": ""TechVision Distributors Pvt Ltd"",
    ""address"": ""Plot 14, MIDC Industrial Area, Andheri East, Mumbai, Maharashtra - 400093"",
    ""tax_id"": ""27AABCT1234F1Z5"",
    ""gstin"": ""27AABCT1234F1Z5""
  },
  ""client"": {
    ""name"": ""Mangaluru Tech Zone"",
    ""address"": ""12 Balmatta Road, Mangaluru, Karnataka - 575001"",
    ""tax_id"": ""340-89-1061""
  },
  ""items"": [
    {
      ""item_no"": ""1."",
      ""description"": ""Samsung T7 Shield 1TB Portable SSD"",
      ""quantity"": ""3.00"",
      ""unit_measure"": ""pcs"",
      ""net_price"": ""8,741.00"",
      ""net_worth"": ""26,223.00"",
      ""vat_pct"": ""10%"",
      ""gross_worth"": ""28,845.30""
    },
    {
      ""item_no"": ""2."",
      ""description"": ""LG 43 inch 4K UHD Smart WebOS TV"",
      ""quantity"": ""6.00"",
      ""unit_measure"": ""pcs"",
      ""net_price"": ""40,600.00"",
      ""net_worth"": ""243,600.00"",
      ""vat_pct"": ""10%"",
      ""gross_worth"": ""267,960.00""
    },
    {
      ""item_no"": ""3."",
      ""description"": ""HP Pavilion 15 Ryzen 5 8GB 512GB"",
      ""quantity"": ""2.00"",
      ""unit_measure"": ""pcs"",
      ""net_price"": ""68,139.00"",
      ""net_worth"": ""136,278.00"",
      ""vat_pct"": ""10%"",
      ""gross_worth"": ""149,905.80""
    },
    {
      ""item_no"": ""4."",
      ""description"": ""Apple iPad Air M1 64GB WiFi Space Grey"",
      ""quantity"": ""10.00"",
      ""unit_measure"": ""pcs"",
      ""net_price"": ""67,132.00"",
      ""net_worth"": ""671,320.00"",
      ""vat_pct"": ""10%"",
      ""gross_worth"": ""738,452.00""
    }
  ],
  ""summary"": {
    ""vat_pct"": ""10%"",
    ""net_worth"": ""1,077,421.00"",
    ""vat_amount"": ""107,742.10"",
    ""gross_worth"": ""1,185,163.10"",
    ""total_net_worth"": ""INR 1,077,421.00"",
    ""total_vat"": ""INR 107,742.10"",
    ""total_gross_worth"": ""INR 1,185,163.10""
  }
}","Invoice no: 51109385
Date of issue: 06/08/2023
Seller: Client:
TechVision Distributors Pvt Ltd Mangaluru Tech Zone
Plot 14, MIDC Industrial Area, Andheri East 12 Balmatta Road
Mumbai, Maharashtra - 400093 Mangaluru, Karnataka - 575001
Tax Id: 27AABCT1234F1Z5 Tax Id: 340-89-1061
GSTIN: 27AABCT1234F1Z5
ITEMS
No. Description Qty UM Net Price Net Worth VAT % Gross
Worth
1. Samsung T7 Shield 1TB Portable SSD 3.00 pcs 8,741.00 26,223.00 10% 28,845.30
2. LG 43 inch 4K UHD Smart WebOS TV 6.00 pcs 40,600.00 243,600.00 10% 267,960.00
3. HP Pavilion 15 Ryzen 5 8GB 512GB 2.00 pcs 68,139.00 136,278.00 10% 149,905.80
4. Apple iPad Air M1 64GB WiFi Space 10.00 pcs 67,132.00 671,320.00 10% 738,452.00
Grey
SUMMARY
VAT % Net Worth VAT Gross Worth
10% 1,077,421.00 107,742.10 1,185,163.10
INR
Total INR 1,077,421.00 INR 1,185,163.10
107,742.10"
invoice_51109386.pdf,"{
  ""invoice_no"": ""51109386"",
  ""date_of_issue"": ""28/07/2023"",
  ""seller"": {
    ""name"": ""TechVision Distributors Pvt Ltd"",
    ""address"": ""Plot 14, MIDC Industrial Area, Andheri East, Mumbai, Maharashtra - 400093"",
    ""tax_id"": ""27AABCT1234F1Z5"",
    ""gstin"": ""27AABCT1234F1Z5""
  },
  ""client"": {
    ""name"": ""Hubli Digital Store"",
    ""address"": ""78 Lamington Road, Hubli, Karnataka - 580020"",
    ""tax_id"": ""493-75-6434""
  },
  ""items"": [
    {
      ""item_no"": ""1."",
      ""description"": ""Sony Bravia 55 inch 4K OLED TV"",
      ""quantity"": ""4.00"",
      ""unit_measure"": ""pcs"",
      ""net_price"": ""122,957.00"",
      ""net_worth"": ""491,828.00"",
      ""vat_pct"": ""10%"",
      ""gross_worth"": ""541,010.80""
    },
    {
      ""item_no"": ""2."",
      ""description"": ""Dell 27 inch 4K USB-C IPS Monitor"",
      ""quantity"": ""9.00"",
      ""unit_measure"": ""pcs"",
      ""net_price"": ""53,295.00"",
      ""net_worth"": ""479,655.00"",
      ""vat_pct"": ""10%"",
      ""gross_worth"": ""527,620.50""
    },
    {
      ""item_no"": ""3."",
      ""description"": ""Apple AirPods Pro 2nd Gen USB-C"",
      ""quantity"": ""10.00"",
      ""unit_measure"": ""pcs"",
      ""net_price"": ""20,580.00"",
      ""net_worth"": ""205,800.00"",
      ""vat_pct"": ""10%"",
      ""gross_worth"": ""226,380.00""
    },
    {
      ""item_no"": ""4."",
      ""description"": ""Garmin Fenix 7 Solar Multisport GPS"",
      ""quantity"": ""5.00"",
      ""unit_measure"": ""pcs"",
      ""net_price"": ""76,324.00"",
      ""net_worth"": ""381,620.00"",
      ""vat_pct"": ""10%"",
      ""gross_worth"": ""419,782.00""
    }
  ],
  ""summary"": {
    ""vat_pct"": ""10%"",
    ""net_worth"": ""1,558,903.00"",
    ""vat_amount"": ""155,890.30"",
    ""gross_worth"": ""1,714,793.30"",
    ""total_net_worth"": ""INR 1,558,903.00"",
    ""total_vat"": ""INR 155,890.30"",
    ""total_gross_worth"": ""INR 1,714,793.30""
  }
}","Invoice no: 51109386
Date of issue: 28/07/2023
Seller: Client:
TechVision Distributors Pvt Ltd Hubli Digital Store
Plot 14, MIDC Industrial Area, Andheri East 78 Lamington Road
Mumbai, Maharashtra - 400093 Hubli, Karnataka - 580020
Tax Id: 27AABCT1234F1Z5 Tax Id: 493-75-6434
GSTIN: 27AABCT1234F1Z5
ITEMS
No. Description Qty UM Net Price Net Worth VAT % Gross
Worth
1. Sony Bravia 55 inch 4K OLED TV 4.00 pcs 122,957.00 491,828.00 10% 541,010.80
2. Dell 27 inch 4K USB-C IPS Monitor 9.00 pcs 53,295.00 479,655.00 10% 527,620.50
3. Apple AirPods Pro 2nd Gen USB-C 10.00 pcs 20,580.00 205,800.00 10% 226,380.00
4. Garmin Fenix 7 Solar Multisport GPS 5.00 pcs 76,324.00 381,620.00 10% 419,782.00
SUMMARY
VAT % Net Worth VAT Gross Worth
10% 1,558,903.00 155,890.30 1,714,793.30
INR
Total INR 1,558,903.00 INR 1,714,793.30
155,890.30"
invoice_51109387.pdf,"{
  ""invoice_no"": ""51109387"",
  ""date_of_issue"": ""22/02/2024"",
  ""seller"": {
    ""name"": ""TechVision Distributors Pvt Ltd"",
    ""address"": ""Plot 14, MIDC Industrial Area, Andheri East, Mumbai, Maharashtra - 400093"",
    ""tax_id"": ""27AABCT1234F1Z5"",
    ""gstin"": ""27AABCT1234F1Z5""
  },
  ""client"": {
    ""name"": ""Varanasi Electronics Hub"",
    ""address"": ""45 Sigra Main Road, Varanasi, Uttar Pradesh - 221010"",
    ""tax_id"": ""372-20-8169""
  },
  ""items"": [
    {
      ""item_no"": ""1."",
      ""description"": ""Anker 65W GaN USB-C 3-Port Charger"",
      ""quantity"": ""2.00"",
      ""unit_measure"": ""pcs"",
      ""net_price"": ""4,314.00"",
      ""net_worth"": ""8,628.00"",
      ""vat_pct"": ""10%"",
      ""gross_worth"": ""9,490.80""
    },
    {
      ""item_no"": ""2."",
      ""description"": ""Xiaomi 14 Pro 512GB White"",
      ""quantity"": ""10.00"",
      ""unit_measure"": ""pcs"",
      ""net_price"": ""75,938.00"",
      ""net_worth"": ""759,380.00"",
      ""vat_pct"": ""10%"",
      ""gross_worth"": ""835,318.00""
    },
    {
      ""item_no"": ""3."",
      ""description"": ""Dell XPS 13 Intel i7 16GB 512GB"",
      ""quantity"": ""5.00"",
      ""unit_measure"": ""pcs"",
      ""net_price"": ""116,262.00"",
      ""net_worth"": ""581,310.00"",
      ""vat_pct"": ""10%"",
      ""gross_worth"": ""639,441.00""
    },
    {
      ""item_no"": ""4."",
      ""description"": ""Apple iPhone 15 Pro 256GB Titanium"",
      ""quantity"": ""2.00"",
      ""unit_measure"": ""pcs"",
      ""net_price"": ""113,221.00"",
      ""net_worth"": ""226,442.00"",
      ""vat_pct"": ""10%"",
      ""gross_worth"": ""249,086.20""
    },
    {
      ""item_no"": ""5."",
      ""description"": ""OnePlus 12 256GB Silky Black"",
      ""quantity"": ""7.00"",
      ""unit_measure"": ""pcs"",
      ""net_price"": ""66,781.00"",
      ""net_worth"": ""467,467.00"",
      ""vat_pct"": ""10%"",
      ""gross_worth"": ""514,213.70""
    }
  ],
  ""summary"": {
    ""vat_pct"": ""10%"",
    ""net_worth"": ""2,043,227.00"",
    ""vat_amount"": ""204,322.70"",
    ""gross_worth"": ""2,247,549.70"",
    ""total_net_worth"": ""INR 2,043,227.00"",
    ""total_vat"": ""INR 204,322.70"",
    ""total_gross_worth"": ""INR 2,247,549.70""
  }
}","Invoice no: 51109387
Date of issue: 22/02/2024
Seller: Client:
TechVision Distributors Pvt Ltd Varanasi Electronics Hub
Plot 14, MIDC Industrial Area, Andheri East 45 Sigra Main Road
Mumbai, Maharashtra - 400093 Varanasi, Uttar Pradesh - 221010
Tax Id: 27AABCT1234F1Z5 Tax Id: 372-20-8169
GSTIN: 27AABCT1234F1Z5
ITEMS
No. Description Qty UM Net Price Net Worth VAT % Gross
Worth
1. Anker 65W GaN USB-C 3-Port Charger 2.00 pcs 4,314.00 8,628.00 10% 9,490.80
2. Xiaomi 14 Pro 512GB White 10.00 pcs 75,938.00 759,380.00 10% 835,318.00
3. Dell XPS 13 Intel i7 16GB 512GB 5.00 pcs 116,262.00 581,310.00 10% 639,441.00
4. Apple iPhone 15 Pro 256GB Titanium 2.00 pcs 113,221.00 226,442.00 10% 249,086.20
5. OnePlus 12 256GB Silky Black 7.00 pcs 66,781.00 467,467.00 10% 514,213.70
SUMMARY
VAT % Net Worth VAT Gross Worth
10% 2,043,227.00 204,322.70 2,247,549.70
INR
Total INR 2,043,227.00 INR 2,247,549.70
204,322.70"
invoice_51109388.pdf,"{
  ""invoice_no"": ""51109388"",
  ""date_of_issue"": ""05/10/2023"",
  ""seller"": {
    ""name"": ""TechVision Distributors Pvt Ltd"",
    ""address"": ""Plot 14, MIDC Industrial Area, Andheri East, Mumbai, Maharashtra - 400093"",
    ""tax_id"": ""27AABCT1234F1Z5"",
    ""gstin"": ""27AABCT1234F1Z5""
  },
  ""client"": {
    ""name"": ""Prayagraj Smart Tech"",
    ""address"": ""67 Civil Lines, Prayagraj, Uttar Pradesh - 211001"",
    ""tax_id"": ""917-22-6198""
  },
  ""items"": [
    {
      ""item_no"": ""1."",
      ""description"": ""Realme GT 5 Pro 256GB Navigator Beige"",
      ""quantity"": ""9.00"",
      ""unit_measure"": ""pcs"",
      ""net_price"": ""42,107.00"",
      ""net_worth"": ""378,963.00"",
      ""vat_pct"": ""10%"",
      ""gross_worth"": ""416,859.30""
    },
    {
      ""item_no"": ""2."",
      ""description"": ""OnePlus 12 256GB Silky Black"",
      ""quantity"": ""6.00"",
      ""unit_measure"": ""pcs"",
      ""net_price"": ""60,531.00"",
      ""net_worth"": ""363,186.00"",
      ""vat_pct"": ""10%"",
      ""gross_worth"": ""399,504.60""
    },
    {
      ""item_no"": ""3."",
      ""description"": ""Lenovo IdeaPad Slim 5 i5 16GB 512GB"",
      ""quantity"": ""2.00"",
      ""unit_measure"": ""pcs"",
      ""net_price"": ""62,823.00"",
      ""net_worth"": ""125,646.00"",
      ""vat_pct"": ""10%"",
      ""gross_worth"": ""138,210.60""
    },
    {
      ""item_no"": ""4."",
      ""description"": ""GoPro Hero 12 Black Action Camera"",
      ""quantity"": ""5.00"",
      ""unit_measure"": ""pcs"",
      ""net_price"": ""40,159.00"",
      ""net_worth"": ""200,795.00"",
      ""vat_pct"": ""10%"",
      ""gross_worth"": ""220,874.50""
    },
    {
      ""item_no"": ""5."",
      ""description"": ""LG UltraGear 27 inch 165Hz Gaming Monitor"",
      ""quantity"": ""8.00"",
      ""unit_measure"": ""pcs"",
      ""net_price"": ""32,057.00"",
      ""net_worth"": ""256,456.00"",
      ""vat_pct"": ""10%"",
      ""gross_worth"": ""282,101.60""
    },
    {
      ""item_no"": ""6."",
      ""description"": ""TP-Link Archer AX73 WiFi 6 Router"",
      ""quantity"": ""1.00"",
      ""unit_measure"": ""pcs"",
      ""net_price"": ""12,384.00"",
      ""net_worth"": ""12,384.00"",
      ""vat_pct"": ""10%"",
      ""gross_worth"": ""13,622.40""
    }
  ],
  ""summary"": {
    ""vat_pct"": ""10%"",
    ""net_worth"": ""1,337,430.00"",
    ""vat_amount"": ""133,743.00"",
    ""gross_worth"": ""1,471,173.00"",
    ""total_net_worth"": ""INR 1,337,430.00"",
    ""total_vat"": ""INR 133,743.00"",
    ""total_gross_worth"": ""INR 1,471,173.00""
  }
}","Invoice no: 51109388
Date of issue: 05/10/2023
Seller: Client:
TechVision Distributors Pvt Ltd Prayagraj Smart Tech
Plot 14, MIDC Industrial Area, Andheri East 67 Civil Lines
Mumbai, Maharashtra - 400093 Prayagraj, Uttar Pradesh - 211001
Tax Id: 27AABCT1234F1Z5 Tax Id: 917-22-6198
GSTIN: 27AABCT1234F1Z5
ITEMS
No. Description Qty UM Net Price Net Worth VAT % Gross
Worth
1. Realme GT 5 Pro 256GB Navigator Beige 9.00 pcs 42,107.00 378,963.00 10% 416,859.30
2. OnePlus 12 256GB Silky Black 6.00 pcs 60,531.00 363,186.00 10% 399,504.60
3. Lenovo IdeaPad Slim 5 i5 16GB 512GB 2.00 pcs 62,823.00 125,646.00 10% 138,210.60
4. GoPro Hero 12 Black Action Camera 5.00 pcs 40,159.00 200,795.00 10% 220,874.50
5. LG UltraGear 27 inch 165Hz Gaming 8.00 pcs 32,057.00 256,456.00 10% 282,101.60
Monitor
6. TP-Link Archer AX73 WiFi 6 Router 1.00 pcs 12,384.00 12,384.00 10% 13,622.40
SUMMARY
VAT % Net Worth VAT Gross Worth
10% 1,337,430.00 133,743.00 1,471,173.00
INR
Total INR 1,337,430.00 INR 1,471,173.00
133,743.00"
invoice_51109389.pdf,"{
  ""invoice_no"": ""51109389"",
  ""date_of_issue"": ""11/01/2024"",
  ""seller"": {
    ""name"": ""TechVision Distributors Pvt Ltd"",
    ""address"": ""Plot 14, MIDC Industrial Area, Andheri East, Mumbai, Maharashtra - 400093"",
    ""tax_id"": ""27AABCT1234F1Z5"",
    ""gstin"": ""27AABCT1234F1Z5""
  },
  ""client"": {
    ""name"": ""Jodhpur Gadget Market"",
    ""address"": ""23 Residency Road, Jodhpur, Rajasthan - 342001"",
    ""tax_id"": ""409-52-9872""
  },
  ""items"": [
    {
      ""item_no"": ""1."",
      ""description"": ""GoPro Hero 12 Black Action Camera"",
      ""quantity"": ""5.00"",
      ""unit_measure"": ""pcs"",
      ""net_price"": ""41,742.00"",
      ""net_worth"": ""208,710.00"",
      ""vat_pct"": ""10%"",
      ""gross_worth"": ""229,581.00""
    },
    {
      ""item_no"": ""2."",
      ""description"": ""Samsung Galaxy Buds2 Pro Graphite"",
      ""quantity"": ""3.00"",
      ""unit_measure"": ""pcs"",
      ""net_price"": ""13,341.00"",
      ""net_worth"": ""40,023.00"",
      ""vat_pct"": ""10%"",
      ""gross_worth"": ""44,025.30""
    },
    {
      ""item_no"": ""3."",
      ""description"": ""OnePlus 12 256GB Silky Black"",
      ""quantity"": ""7.00"",
      ""unit_measure"": ""pcs"",
      ""net_price"": ""62,272.00"",
      ""net_worth"": ""435,904.00"",
      ""vat_pct"": ""10%"",
      ""gross_worth"": ""479,494.40""
    },
    {
      ""item_no"": ""4."",
      ""description"": ""JBL Flip 6 Portable Bluetooth Speaker"",
      ""quantity"": ""8.00"",
      ""unit_measure"": ""pcs"",
      ""net_price"": ""11,819.00"",
      ""net_worth"": ""94,552.00"",
      ""vat_pct"": ""10%"",
      ""gross_worth"": ""104,007.20""
    },
    {
      ""item_no"": ""5."",
      ""description"": ""Xiaomi 14 Pro 512GB White"",
      ""quantity"": ""5.00"",
      ""unit_measure"": ""pcs"",
      ""net_price"": ""79,710.00"",
      ""net_worth"": ""398,550.00"",
      ""vat_pct"": ""10%"",
      ""gross_worth"": ""438,405.00""
    },
    {
      ""item_no"": ""6."",
      ""description"": ""Philips Hue White Ambiance Starter Kit"",
      ""quantity"": ""5.00"",
      ""unit_measure"": ""pcs"",
      ""net_price"": ""7,266.00"",
      ""net_worth"": ""36,330.00"",
      ""vat_pct"": ""10%"",
      ""gross_worth"": ""39,963.00""
    },
    {
      ""item_no"": ""7."",
      ""description"": ""Samsung Galaxy Tab S9 256GB Graphite"",
      ""quantity"": ""6.00"",
      ""unit_measure"": ""pcs"",
      ""net_price"": ""66,332.00"",
      ""net_worth"": ""397,992.00"",
      ""vat_pct"": ""10%"",
      ""gross_worth"": ""437,791.20""
    },
    {
      ""item_no"": ""8."",
      ""description"": ""Vivo X100 Pro 256GB Asteroid Black"",
      ""quantity"": ""2.00"",
      ""unit_measure"": ""pcs"",
      ""net_price"": ""76,877.00"",
      ""net_worth"": ""153,754.00"",
      ""vat_pct"": ""10%"",
      ""gross_worth"": ""169,129.40""
    }
  ],
  ""summary"": {
    ""vat_pct"": ""10%"",
    ""net_worth"": ""1,765,815.00"",
    ""vat_amount"": ""176,581.50"",
    ""gross_worth"": ""1,942,396.50"",
    ""total_net_worth"": ""INR 1,765,815.00"",
    ""total_vat"": ""INR 176,581.50"",
    ""total_gross_worth"": ""INR 1,942,396.50""
  }
}","Invoice no: 51109389
Date of issue: 11/01/2024
Seller: Client:
TechVision Distributors Pvt Ltd Jodhpur Gadget Market
Plot 14, MIDC Industrial Area, Andheri East 23 Residency Road
Mumbai, Maharashtra - 400093 Jodhpur, Rajasthan - 342001
Tax Id: 27AABCT1234F1Z5 Tax Id: 409-52-9872
GSTIN: 27AABCT1234F1Z5
ITEMS
No. Description Qty UM Net Price Net Worth VAT % Gross
Worth
1. GoPro Hero 12 Black Action Camera 5.00 pcs 41,742.00 208,710.00 10% 229,581.00
2. Samsung Galaxy Buds2 Pro Graphite 3.00 pcs 13,341.00 40,023.00 10% 44,025.30
3. OnePlus 12 256GB Silky Black 7.00 pcs 62,272.00 435,904.00 10% 479,494.40
4. JBL Flip 6 Portable Bluetooth Speaker 8.00 pcs 11,819.00 94,552.00 10% 104,007.20
5. Xiaomi 14 Pro 512GB White 5.00 pcs 79,710.00 398,550.00 10% 438,405.00
6. Philips Hue White Ambiance Starter Kit 5.00 pcs 7,266.00 36,330.00 10% 39,963.00
7. Samsung Galaxy Tab S9 256GB 6.00 pcs 66,332.00 397,992.00 10% 437,791.20
Graphite
8. Vivo X100 Pro 256GB Asteroid Black 2.00 pcs 76,877.00 153,754.00 10% 169,129.40
SUMMARY
VAT % Net Worth VAT Gross Worth
10% 1,765,815.00 176,581.50 1,942,396.50
INR
Total INR 1,765,815.00 INR 1,942,396.50
176,581.50"
invoice_51109390.pdf,"{
  ""invoice_no"": ""51109390"",
  ""date_of_issue"": ""29/07/2023"",
  ""seller"": {
    ""name"": ""TechVision Distributors Pvt Ltd"",
    ""address"": ""Plot 14, MIDC Industrial Area, Andheri East, Mumbai, Maharashtra - 400093"",
    ""tax_id"": ""27AABCT1234F1Z5"",
    ""gstin"": ""27AABCT1234F1Z5""
  },
  ""client"": {
    ""name"": ""Udaipur Electronics Plaza"",
    ""address"": ""89 Hiran Magri Sector 14, Udaipur, Rajasthan - 313001"",
    ""tax_id"": ""977-84-9713""
  },
  ""items"": [
    {
      ""item_no"": ""1."",
      ""description"": ""HP Pavilion 15 Ryzen 5 8GB 512GB"",
      ""quantity"": ""5.00"",
      ""unit_measure"": ""pcs"",
      ""net_price"": ""69,242.00"",
      ""net_worth"": ""346,210.00"",
      ""vat_pct"": ""10%"",
      ""gross_worth"": ""380,831.00""
    },
    {
      ""item_no"": ""2."",
      ""description"": ""Dell XPS 13 Intel i7 16GB 512GB"",
      ""quantity"": ""1.00"",
      ""unit_measure"": ""pcs"",
      ""net_price"": ""101,082.00"",
      ""net_worth"": ""101,082.00"",
      ""vat_pct"": ""10%"",
      ""gross_worth"": ""111,190.20""
    },
    {
      ""item_no"": ""3."",
      ""description"": ""Samsung Galaxy S24 256GB Phantom Black"",
      ""quantity"": ""4.00"",
      ""unit_measure"": ""pcs"",
      ""net_price"": ""70,054.00"",
      ""net_worth"": ""280,216.00"",
      ""vat_pct"": ""10%"",
      ""gross_worth"": ""308,237.60""
    },
    {
      ""item_no"": ""4."",
      ""description"": ""Apple iPhone 15 128GB Black"",
      ""quantity"": ""6.00"",
      ""unit_measure"": ""pcs"",
      ""net_price"": ""59,504.00"",
      ""net_worth"": ""357,024.00"",
      ""vat_pct"": ""10%"",
      ""gross_worth"": ""392,726.40""
    }
  ],
  ""summary"": {
    ""vat_pct"": ""10%"",
    ""net_worth"": ""1,084,532.00"",
    ""vat_amount"": ""108,453.20"",
    ""gross_worth"": ""1,192,985.20"",
    ""total_net_worth"": ""INR 1,084,532.00"",
    ""total_vat"": ""INR 108,453.20"",
    ""total_gross_worth"": ""INR 1,192,985.20""
  }
}","Invoice no: 51109390
Date of issue: 29/07/2023
Seller: Client:
TechVision Distributors Pvt Ltd Udaipur Electronics Plaza
Plot 14, MIDC Industrial Area, Andheri East 89 Hiran Magri Sector 14
Mumbai, Maharashtra - 400093 Udaipur, Rajasthan - 313001
Tax Id: 27AABCT1234F1Z5 Tax Id: 977-84-9713
GSTIN: 27AABCT1234F1Z5
ITEMS
No. Description Qty UM Net Price Net Worth VAT % Gross
Worth
1. HP Pavilion 15 Ryzen 5 8GB 512GB 5.00 pcs 69,242.00 346,210.00 10% 380,831.00
2. Dell XPS 13 Intel i7 16GB 512GB 1.00 pcs 101,082.00 101,082.00 10% 111,190.20
3. Samsung Galaxy S24 256GB Phantom 4.00 pcs 70,054.00 280,216.00 10% 308,237.60
Black
4. Apple iPhone 15 128GB Black 6.00 pcs 59,504.00 357,024.00 10% 392,726.40
SUMMARY
VAT % Net Worth VAT Gross Worth
10% 1,084,532.00 108,453.20 1,192,985.20
INR
Total INR 1,084,532.00 INR 1,192,985.20
108,453.20"
invoice_51109391.pdf,"{
  ""invoice_no"": ""51109391"",
  ""date_of_issue"": ""19/05/2023"",
  ""seller"": {
    ""name"": ""TechVision Distributors Pvt Ltd"",
    ""address"": ""Plot 14, MIDC Industrial Area, Andheri East, Mumbai, Maharashtra - 400093"",
    ""tax_id"": ""27AABCT1234F1Z5"",
    ""gstin"": ""27AABCT1234F1Z5""
  },
  ""client"": {
    ""name"": ""Gwalior Tech World"",
    ""address"": ""34 MLN Road City Center, Gwalior, Madhya Pradesh - 474001"",
    ""tax_id"": ""978-98-7395""
  },
  ""items"": [
    {
      ""item_no"": ""1."",
      ""description"": ""Samsung 65 inch QLED 4K Smart TV"",
      ""quantity"": ""2.00"",
      ""unit_measure"": ""pcs"",
      ""net_price"": ""133,990.00"",
      ""net_worth"": ""267,980.00"",
      ""vat_pct"": ""10%"",
      ""gross_worth"": ""294,778.00""
    },
    {
      ""item_no"": ""2."",
      ""description"": ""Canon EOS R50 Mirrorless Camera Body"",
      ""quantity"": ""6.00"",
      ""unit_measure"": ""pcs"",
      ""net_price"": ""72,952.00"",
      ""net_worth"": ""437,712.00"",
      ""vat_pct"": ""10%"",
      ""gross_worth"": ""481,483.20""
    }
  ],
  ""summary"": {
    ""vat_pct"": ""10%"",
    ""net_worth"": ""705,692.00"",
    ""vat_amount"": ""70,569.20"",
    ""gross_worth"": ""776,261.20"",
    ""total_net_worth"": ""INR 705,692.00"",
    ""total_vat"": ""INR 70,569.20"",
    ""total_gross_worth"": ""INR 776,261.20""
  }
}","Invoice no: 51109391
Date of issue: 19/05/2023
Seller: Client:
TechVision Distributors Pvt Ltd Gwalior Tech World
Plot 14, MIDC Industrial Area, Andheri East 34 MLN Road City Center
Mumbai, Maharashtra - 400093 Gwalior, Madhya Pradesh - 474001
Tax Id: 27AABCT1234F1Z5 Tax Id: 978-98-7395
GSTIN: 27AABCT1234F1Z5
ITEMS
No. Description Qty UM Net Price Net Worth VAT % Gross
Worth
1. Samsung 65 inch QLED 4K Smart TV 2.00 pcs 133,990.00 267,980.00 10% 294,778.00
2. Canon EOS R50 Mirrorless Camera Body 6.00 pcs 72,952.00 437,712.00 10% 481,483.20
SUMMARY
VAT % Net Worth VAT Gross Worth
10% 705,692.00 70,569.20 776,261.20
Total INR 705,692.00 INR 70,569.20 INR 776,261.20"
invoice_51109392.pdf,"{
  ""invoice_no"": ""51109392"",
  ""date_of_issue"": ""19/07/2023"",
  ""seller"": {
    ""name"": ""TechVision Distributors Pvt Ltd"",
    ""address"": ""Plot 14, MIDC Industrial Area, Andheri East, Mumbai, Maharashtra - 400093"",
    ""tax_id"": ""27AABCT1234F1Z5"",
    ""gstin"": ""27AABCT1234F1Z5""
  },
  ""client"": {
    ""name"": ""Jabalpur Digital Zone"",
    ""address"": ""56 Napier Town, Jabalpur, Madhya Pradesh - 482001"",
    ""tax_id"": ""828-63-2861""
  },
  ""items"": [
    {
      ""item_no"": ""1."",
      ""description"": ""GoPro Hero 12 Black Action Camera"",
      ""quantity"": ""3.00"",
      ""unit_measure"": ""pcs"",
      ""net_price"": ""36,991.00"",
      ""net_worth"": ""110,973.00"",
      ""vat_pct"": ""10%"",
      ""gross_worth"": ""122,070.30""
    },
    {
      ""item_no"": ""2."",
      ""description"": ""Xiaomi 14 Pro 512GB White"",
      ""quantity"": ""7.00"",
      ""unit_measure"": ""pcs"",
      ""net_price"": ""70,531.00"",
      ""net_worth"": ""493,717.00"",
      ""vat_pct"": ""10%"",
      ""gross_worth"": ""543,088.70""
    },
    {
      ""item_no"": ""3."",
      ""description"": ""Asus VivoBook 16 Ryzen 7 16GB 512GB"",
      ""quantity"": ""10.00"",
      ""unit_measure"": ""pcs"",
      ""net_price"": ""72,484.00"",
      ""net_worth"": ""724,840.00"",
      ""vat_pct"": ""10%"",
      ""gross_worth"": ""797,324.00""
    },
    {
      ""item_no"": ""4."",
      ""description"": ""LG 43 inch 4K UHD Smart WebOS TV"",
      ""quantity"": ""2.00"",
      ""unit_measure"": ""pcs"",
      ""net_price"": ""42,083.00"",
      ""net_worth"": ""84,166.00"",
      ""vat_pct"": ""10%"",
      ""gross_worth"": ""92,582.60""
    }
  ],
  ""summary"": {
    ""vat_pct"": ""10%"",
    ""net_worth"": ""1,413,696.00"",
    ""vat_amount"": ""141,369.60"",
    ""gross_worth"": ""1,555,065.60"",
    ""total_net_worth"": ""INR 1,413,696.00"",
    ""total_vat"": ""INR 141,369.60"",
    ""total_gross_worth"": ""INR 1,555,065.60""
  }
}","Invoice no: 51109392
Date of issue: 19/07/2023
Seller: Client:
TechVision Distributors Pvt Ltd Jabalpur Digital Zone
Plot 14, MIDC Industrial Area, Andheri East 56 Napier Town
Mumbai, Maharashtra - 400093 Jabalpur, Madhya Pradesh - 482001
Tax Id: 27AABCT1234F1Z5 Tax Id: 828-63-2861
GSTIN: 27AABCT1234F1Z5
ITEMS
No. Description Qty UM Net Price Net Worth VAT % Gross
Worth
1. GoPro Hero 12 Black Action Camera 3.00 pcs 36,991.00 110,973.00 10% 122,070.30
2. Xiaomi 14 Pro 512GB White 7.00 pcs 70,531.00 493,717.00 10% 543,088.70
3. Asus VivoBook 16 Ryzen 7 16GB 512GB 10.00 pcs 72,484.00 724,840.00 10% 797,324.00
4. LG 43 inch 4K UHD Smart WebOS TV 2.00 pcs 42,083.00 84,166.00 10% 92,582.60
SUMMARY
VAT % Net Worth VAT Gross Worth
10% 1,413,696.00 141,369.60 1,555,065.60
INR
Total INR 1,413,696.00 INR 1,555,065.60
141,369.60"
invoice_51109393.pdf,"{
  ""invoice_no"": ""51109393"",
  ""date_of_issue"": ""13/04/2023"",
  ""seller"": {
    ""name"": ""TechVision Distributors Pvt Ltd"",
    ""address"": ""Plot 14, MIDC Industrial Area, Andheri East, Mumbai, Maharashtra - 400093"",
    ""tax_id"": ""27AABCT1234F1Z5"",
    ""gstin"": ""27AABCT1234F1Z5""
  },
  ""client"": {
    ""name"": ""Aurangabad Smart Gadgets"",
    ""address"": ""12 Jalna Road Cidco, Chhatrapati Sambhajinagar, Maharashtra - 431001"",
    ""tax_id"": ""590-56-5709""
  },
  ""items"": [
    {
      ""item_no"": ""1."",
      ""description"": ""Philips Hue White Ambiance Starter Kit"",
      ""quantity"": ""1.00"",
      ""unit_measure"": ""pcs"",
      ""net_price"": ""5,066.00"",
      ""net_worth"": ""5,066.00"",
      ""vat_pct"": ""10%"",
      ""gross_worth"": ""5,572.60""
    }
  ],
  ""summary"": {
    ""vat_pct"": ""10%"",
    ""net_worth"": ""5,066.00"",
    ""vat_amount"": ""506.60"",
    ""gross_worth"": ""5,572.60"",
    ""total_net_worth"": ""INR 5,066.00"",
    ""total_vat"": ""INR 506.60"",
    ""total_gross_worth"": ""INR 5,572.60""
  }
}","Invoice no: 51109393
Date of issue: 13/04/2023
Seller: Client:
TechVision Distributors Pvt Ltd Aurangabad Smart Gadgets
Plot 14, MIDC Industrial Area, Andheri East 12 Jalna Road Cidco
Mumbai, Maharashtra - 400093 Chhatrapati Sambhajinagar, Maharashtra - 431001
Tax Id: 27AABCT1234F1Z5 Tax Id: 590-56-5709
GSTIN: 27AABCT1234F1Z5
ITEMS
No. Description Qty UM Net Price Net Worth VAT % Gross
Worth
1. Philips Hue White Ambiance Starter Kit 1.00 pcs 5,066.00 5,066.00 10% 5,572.60
SUMMARY
VAT % Net Worth VAT Gross Worth
10% 5,066.00 506.60 5,572.60
Total INR 5,066.00 INR 506.60 INR 5,572.60"
invoice_51109394.pdf,"{
  ""invoice_no"": ""51109394"",
  ""date_of_issue"": ""02/12/2023"",
  ""seller"": {
    ""name"": ""TechVision Distributors Pvt Ltd"",
    ""address"": ""Plot 14, MIDC Industrial Area, Andheri East, Mumbai, Maharashtra - 400093"",
    ""tax_id"": ""27AABCT1234F1Z5"",
    ""gstin"": ""27AABCT1234F1Z5""
  },
  ""client"": {
    ""name"": ""Solapur Electronics City"",
    ""address"": ""78 Vijapur Road, Solapur, Maharashtra - 413001"",
    ""tax_id"": ""836-39-8628""
  },
  ""items"": [
    {
      ""item_no"": ""1."",
      ""description"": ""Canon EOS R50 Mirrorless Camera Body"",
      ""quantity"": ""7.00"",
      ""unit_measure"": ""pcs"",
      ""net_price"": ""67,396.00"",
      ""net_worth"": ""471,772.00"",
      ""vat_pct"": ""10%"",
      ""gross_worth"": ""518,949.20""
    },
    {
      ""item_no"": ""2."",
      ""description"": ""DJI Mini 3 Pro Fly More Combo Drone"",
      ""quantity"": ""2.00"",
      ""unit_measure"": ""pcs"",
      ""net_price"": ""110,856.00"",
      ""net_worth"": ""221,712.00"",
      ""vat_pct"": ""10%"",
      ""gross_worth"": ""243,883.20""
    },
    {
      ""item_no"": ""3."",
      ""description"": ""Apple iPhone 15 Pro 256GB Titanium"",
      ""quantity"": ""3.00"",
      ""unit_measure"": ""pcs"",
      ""net_price"": ""115,171.00"",
      ""net_worth"": ""345,513.00"",
      ""vat_pct"": ""10%"",
      ""gross_worth"": ""380,064.30""
    },
    {
      ""item_no"": ""4."",
      ""description"": ""Sony Bravia 55 inch 4K OLED TV"",
      ""quantity"": ""3.00"",
      ""unit_measure"": ""pcs"",
      ""net_price"": ""125,203.00"",
      ""net_worth"": ""375,609.00"",
      ""vat_pct"": ""10%"",
      ""gross_worth"": ""413,169.90""
    },
    {
      ""item_no"": ""5."",
      ""description"": ""Apple AirPods Pro 2nd Gen USB-C"",
      ""quantity"": ""3.00"",
      ""unit_measure"": ""pcs"",
      ""net_price"": ""20,721.00"",
      ""net_worth"": ""62,163.00"",
      ""vat_pct"": ""10%"",
      ""gross_worth"": ""68,379.30""
    },
    {
      ""item_no"": ""6."",
      ""description"": ""Lenovo Tab P12 Pro 256GB Storm Grey"",
      ""quantity"": ""9.00"",
      ""unit_measure"": ""pcs"",
      ""net_price"": ""44,573.00"",
      ""net_worth"": ""401,157.00"",
      ""vat_pct"": ""10%"",
      ""gross_worth"": ""441,272.70""
    },
    {
      ""item_no"": ""7."",
      ""description"": ""Philips Hue White Ambiance Starter Kit"",
      ""quantity"": ""10.00"",
      ""unit_measure"": ""pcs"",
      ""net_price"": ""5,232.00"",
      ""net_worth"": ""52,320.00"",
      ""vat_pct"": ""10%"",
      ""gross_worth"": ""57,552.00""
    },
    {
      ""item_no"": ""8."",
      ""description"": ""TP-Link Archer AX73 WiFi 6 Router"",
      ""quantity"": ""9.00"",
      ""unit_measure"": ""pcs"",
      ""net_price"": ""14,497.00"",
      ""net_worth"": ""130,473.00"",
      ""vat_pct"": ""10%"",
      ""gross_worth"": ""143,520.30""
    }
  ],
  ""summary"": {
    ""vat_pct"": ""10%"",
    ""net_worth"": ""2,060,719.00"",
    ""vat_amount"": ""206,071.90"",
    ""gross_worth"": ""2,266,790.90"",
    ""total_net_worth"": ""INR 2,060,719.00"",
    ""total_vat"": ""INR 206,071.90"",
    ""total_gross_worth"": ""INR 2,266,790.90""
  }
}","Invoice no: 51109394
Date of issue: 02/12/2023
Seller: Client:
TechVision Distributors Pvt Ltd Solapur Electronics City
Plot 14, MIDC Industrial Area, Andheri East 78 Vijapur Road
Mumbai, Maharashtra - 400093 Solapur, Maharashtra - 413001
Tax Id: 27AABCT1234F1Z5 Tax Id: 836-39-8628
GSTIN: 27AABCT1234F1Z5
ITEMS
No. Description Qty UM Net Price Net Worth VAT % Gross
Worth
1. Canon EOS R50 Mirrorless Camera Body 7.00 pcs 67,396.00 471,772.00 10% 518,949.20
2. DJI Mini 3 Pro Fly More Combo Drone 2.00 pcs 110,856.00 221,712.00 10% 243,883.20
3. Apple iPhone 15 Pro 256GB Titanium 3.00 pcs 115,171.00 345,513.00 10% 380,064.30
4. Sony Bravia 55 inch 4K OLED TV 3.00 pcs 125,203.00 375,609.00 10% 413,169.90
5. Apple AirPods Pro 2nd Gen USB-C 3.00 pcs 20,721.00 62,163.00 10% 68,379.30
6. Lenovo Tab P12 Pro 256GB Storm Grey 9.00 pcs 44,573.00 401,157.00 10% 441,272.70
7. Philips Hue White Ambiance Starter Kit 10.00 pcs 5,232.00 52,320.00 10% 57,552.00
8. TP-Link Archer AX73 WiFi 6 Router 9.00 pcs 14,497.00 130,473.00 10% 143,520.30
SUMMARY
VAT % Net Worth VAT Gross Worth
10% 2,060,719.00 206,071.90 2,266,790.90
INR
Total INR 2,060,719.00 INR 2,266,790.90
206,071.90"
invoice_51109395.pdf,"{
  ""invoice_no"": ""51109395"",
  ""date_of_issue"": ""11/10/2023"",
  ""seller"": {
    ""name"": ""TechVision Distributors Pvt Ltd"",
    ""address"": ""Plot 14, MIDC Industrial Area, Andheri East, Mumbai, Maharashtra - 400093"",
    ""tax_id"": ""27AABCT1234F1Z5"",
    ""gstin"": ""27AABCT1234F1Z5""
  },
  ""client"": {
    ""name"": ""Kolhapur Tech Market"",
    ""address"": ""45 Rajaram Road, Kolhapur, Maharashtra - 416001"",
    ""tax_id"": ""845-45-5938""
  },
  ""items"": [
    {
      ""item_no"": ""1."",
      ""description"": ""LG 43 inch 4K UHD Smart WebOS TV"",
      ""quantity"": ""7.00"",
      ""unit_measure"": ""pcs"",
      ""net_price"": ""41,990.00"",
      ""net_worth"": ""293,930.00"",
      ""vat_pct"": ""10%"",
      ""gross_worth"": ""323,323.00""
    },
    {
      ""item_no"": ""2."",
      ""description"": ""Realme GT 5 Pro 256GB Navigator Beige"",
      ""quantity"": ""7.00"",
      ""unit_measure"": ""pcs"",
      ""net_price"": ""47,254.00"",
      ""net_worth"": ""330,778.00"",
      ""vat_pct"": ""10%"",
      ""gross_worth"": ""363,855.80""
    },
    {
      ""item_no"": ""3."",
      ""description"": ""Apple MacBook Air M2 8GB 256GB Silver"",
      ""quantity"": ""6.00"",
      ""unit_measure"": ""pcs"",
      ""net_price"": ""114,521.00"",
      ""net_worth"": ""687,126.00"",
      ""vat_pct"": ""10%"",
      ""gross_worth"": ""755,838.60""
    },
    {
      ""item_no"": ""4."",
      ""description"": ""Samsung Galaxy S24 256GB Phantom Black"",
      ""quantity"": ""5.00"",
      ""unit_measure"": ""pcs"",
      ""net_price"": ""85,277.00"",
      ""net_worth"": ""426,385.00"",
      ""vat_pct"": ""10%"",
      ""gross_worth"": ""469,023.50""
    },
    {
      ""item_no"": ""5."",
      ""description"": ""HP Pavilion 15 Ryzen 5 8GB 512GB"",
      ""quantity"": ""6.00"",
      ""unit_measure"": ""pcs"",
      ""net_price"": ""68,177.00"",
      ""net_worth"": ""409,062.00"",
      ""vat_pct"": ""10%"",
      ""gross_worth"": ""449,968.20""
    },
    {
      ""item_no"": ""6."",
      ""description"": ""Dell 27 inch 4K USB-C IPS Monitor"",
      ""quantity"": ""6.00"",
      ""unit_measure"": ""pcs"",
      ""net_price"": ""51,370.00"",
      ""net_worth"": ""308,220.00"",
      ""vat_pct"": ""10%"",
      ""gross_worth"": ""339,042.00""
    }
  ],
  ""summary"": {
    ""vat_pct"": ""10%"",
    ""net_worth"": ""2,455,501.00"",
    ""vat_amount"": ""245,550.10"",
    ""gross_worth"": ""2,701,051.10"",
    ""total_net_worth"": ""INR 2,455,501.00"",
    ""total_vat"": ""INR 245,550.10"",
    ""total_gross_worth"": ""INR 2,701,051.10""
  }
}","Invoice no: 51109395
Date of issue: 11/10/2023
Seller: Client:
TechVision Distributors Pvt Ltd Kolhapur Tech Market
Plot 14, MIDC Industrial Area, Andheri East 45 Rajaram Road
Mumbai, Maharashtra - 400093 Kolhapur, Maharashtra - 416001
Tax Id: 27AABCT1234F1Z5 Tax Id: 845-45-5938
GSTIN: 27AABCT1234F1Z5
ITEMS
No. Description Qty UM Net Price Net Worth VAT % Gross
Worth
1. LG 43 inch 4K UHD Smart WebOS TV 7.00 pcs 41,990.00 293,930.00 10% 323,323.00
2. Realme GT 5 Pro 256GB Navigator Beige 7.00 pcs 47,254.00 330,778.00 10% 363,855.80
3. Apple MacBook Air M2 8GB 256GB 6.00 pcs 114,521.00 687,126.00 10% 755,838.60
Silver
4. Samsung Galaxy S24 256GB Phantom 5.00 pcs 85,277.00 426,385.00 10% 469,023.50
Black
5. HP Pavilion 15 Ryzen 5 8GB 512GB 6.00 pcs 68,177.00 409,062.00 10% 449,968.20
6. Dell 27 inch 4K USB-C IPS Monitor 6.00 pcs 51,370.00 308,220.00 10% 339,042.00
SUMMARY
VAT % Net Worth VAT Gross Worth
10% 2,455,501.00 245,550.10 2,701,051.10
INR
Total INR 2,455,501.00 INR 2,701,051.10
245,550.10"
invoice_51109396.pdf,"{
  ""invoice_no"": ""51109396"",
  ""date_of_issue"": ""14/07/2023"",
  ""seller"": {
    ""name"": ""TechVision Distributors Pvt Ltd"",
    ""address"": ""Plot 14, MIDC Industrial Area, Andheri East, Mumbai, Maharashtra - 400093"",
    ""tax_id"": ""27AABCT1234F1Z5"",
    ""gstin"": ""27AABCT1234F1Z5""
  },
  ""client"": {
    ""name"": ""Nellore Digital Hub"",
    ""address"": ""23 Trunk Road, Nellore, Andhra Pradesh - 524001"",
    ""tax_id"": ""221-26-7555""
  },
  ""items"": [
    {
      ""item_no"": ""1."",
      ""description"": ""TP-Link Archer AX73 WiFi 6 Router"",
      ""quantity"": ""10.00"",
      ""unit_measure"": ""pcs"",
      ""net_price"": ""16,054.00"",
      ""net_worth"": ""160,540.00"",
      ""vat_pct"": ""10%"",
      ""gross_worth"": ""176,594.00""
    },
    {
      ""item_no"": ""2."",
      ""description"": ""Lenovo Tab P12 Pro 256GB Storm Grey"",
      ""quantity"": ""6.00"",
      ""unit_measure"": ""pcs"",
      ""net_price"": ""43,159.00"",
      ""net_worth"": ""258,954.00"",
      ""vat_pct"": ""10%"",
      ""gross_worth"": ""284,849.40""
    },
    {
      ""item_no"": ""3."",
      ""description"": ""LG 43 inch 4K UHD Smart WebOS TV"",
      ""quantity"": ""8.00"",
      ""unit_measure"": ""pcs"",
      ""net_price"": ""42,297.00"",
      ""net_worth"": ""338,376.00"",
      ""vat_pct"": ""10%"",
      ""gross_worth"": ""372,213.60""
    },
    {
      ""item_no"": ""4."",
      ""description"": ""Apple iPhone 15 128GB Black"",
      ""quantity"": ""1.00"",
      ""unit_measure"": ""pcs"",
      ""net_price"": ""83,621.00"",
      ""net_worth"": ""83,621.00"",
      ""vat_pct"": ""10%"",
      ""gross_worth"": ""91,983.10""
    }
  ],
  ""summary"": {
    ""vat_pct"": ""10%"",
    ""net_worth"": ""841,491.00"",
    ""vat_amount"": ""84,149.10"",
    ""gross_worth"": ""925,640.10"",
    ""total_net_worth"": ""INR 841,491.00"",
    ""total_vat"": ""INR 84,149.10"",
    ""total_gross_worth"": ""INR 925,640.10""
  }
}","Invoice no: 51109396
Date of issue: 14/07/2023
Seller: Client:
TechVision Distributors Pvt Ltd Nellore Digital Hub
Plot 14, MIDC Industrial Area, Andheri East 23 Trunk Road
Mumbai, Maharashtra - 400093 Nellore, Andhra Pradesh - 524001
Tax Id: 27AABCT1234F1Z5 Tax Id: 221-26-7555
GSTIN: 27AABCT1234F1Z5
ITEMS
No. Description Qty UM Net Price Net Worth VAT % Gross
Worth
1. TP-Link Archer AX73 WiFi 6 Router 10.00 pcs 16,054.00 160,540.00 10% 176,594.00
2. Lenovo Tab P12 Pro 256GB Storm Grey 6.00 pcs 43,159.00 258,954.00 10% 284,849.40
3. LG 43 inch 4K UHD Smart WebOS TV 8.00 pcs 42,297.00 338,376.00 10% 372,213.60
4. Apple iPhone 15 128GB Black 1.00 pcs 83,621.00 83,621.00 10% 91,983.10
SUMMARY
VAT % Net Worth VAT Gross Worth
10% 841,491.00 84,149.10 925,640.10
Total INR 841,491.00 INR 84,149.10 INR 925,640.10"
invoice_51109397.pdf,"{
  ""invoice_no"": ""51109397"",
  ""date_of_issue"": ""09/03/2024"",
  ""seller"": {
    ""name"": ""TechVision Distributors Pvt Ltd"",
    ""address"": ""Plot 14, MIDC Industrial Area, Andheri East, Mumbai, Maharashtra - 400093"",
    ""tax_id"": ""27AABCT1234F1Z5"",
    ""gstin"": ""27AABCT1234F1Z5""
  },
  ""client"": {
    ""name"": ""Tirupati Gadget Store"",
    ""address"": ""67 TP Area RTC Complex, Tirupati, Andhra Pradesh - 517501"",
    ""tax_id"": ""686-80-8561""
  },
  ""items"": [
    {
      ""item_no"": ""1."",
      ""description"": ""Keychron K8 Pro Mechanical Keyboard"",
      ""quantity"": ""6.00"",
      ""unit_measure"": ""pcs"",
      ""net_price"": ""10,733.00"",
      ""net_worth"": ""64,398.00"",
      ""vat_pct"": ""10%"",
      ""gross_worth"": ""70,837.80""
    },
    {
      ""item_no"": ""2."",
      ""description"": ""Samsung Galaxy S24 256GB Phantom Black"",
      ""quantity"": ""1.00"",
      ""unit_measure"": ""pcs"",
      ""net_price"": ""68,294.00"",
      ""net_worth"": ""68,294.00"",
      ""vat_pct"": ""10%"",
      ""gross_worth"": ""75,123.40""
    },
    {
      ""item_no"": ""3."",
      ""description"": ""Belkin MagSafe 3-in-1 Wireless Charger"",
      ""quantity"": ""2.00"",
      ""unit_measure"": ""pcs"",
      ""net_price"": ""8,991.00"",
      ""net_worth"": ""17,982.00"",
      ""vat_pct"": ""10%"",
      ""gross_worth"": ""19,780.20""
    },
    {
      ""item_no"": ""4."",
      ""description"": ""DJI Mini 3 Pro Fly More Combo Drone"",
      ""quantity"": ""2.00"",
      ""unit_measure"": ""pcs"",
      ""net_price"": ""117,227.00"",
      ""net_worth"": ""234,454.00"",
      ""vat_pct"": ""10%"",
      ""gross_worth"": ""257,899.40""
    },
    {
      ""item_no"": ""5."",
      ""description"": ""Apple iPhone 15 Pro 256GB Titanium"",
      ""quantity"": ""8.00"",
      ""unit_measure"": ""pcs"",
      ""net_price"": ""130,790.00"",
      ""net_worth"": ""1,046,320.00"",
      ""vat_pct"": ""10%"",
      ""gross_worth"": ""1,150,952.0\n0""
    },
    {
      ""item_no"": ""6."",
      ""description"": ""Canon EOS R50 Mirrorless Camera Body"",
      ""quantity"": ""5.00"",
      ""unit_measure"": ""pcs"",
      ""net_price"": ""61,813.00"",
      ""net_worth"": ""309,065.00"",
      ""vat_pct"": ""10%"",
      ""gross_worth"": ""339,971.50""
    },
    {
      ""item_no"": ""7."",
      ""description"": ""Samsung 65 inch QLED 4K Smart TV"",
      ""quantity"": ""4.00"",
      ""unit_measure"": ""pcs"",
      ""net_price"": ""113,300.00"",
      ""net_worth"": ""453,200.00"",
      ""vat_pct"": ""10%"",
      ""gross_worth"": ""498,520.00""
    }
  ],
  ""summary"": {
    ""vat_pct"": ""10%"",
    ""net_worth"": ""2,193,713.00"",
    ""vat_amount"": ""219,371.30"",
    ""gross_worth"": ""2,413,084.30"",
    ""total_net_worth"": ""INR 2,193,713.00"",
    ""total_vat"": ""INR 219,371.30"",
    ""total_gross_worth"": ""INR 2,413,084.30""
  }
}","Invoice no: 51109397
Date of issue: 09/03/2024
Seller: Client:
TechVision Distributors Pvt Ltd Tirupati Gadget Store
Plot 14, MIDC Industrial Area, Andheri East 67 TP Area RTC Complex
Mumbai, Maharashtra - 400093 Tirupati, Andhra Pradesh - 517501
Tax Id: 27AABCT1234F1Z5 Tax Id: 686-80-8561
GSTIN: 27AABCT1234F1Z5
ITEMS
No. Description Qty UM Net Price Net Worth VAT % Gross
Worth
1. Keychron K8 Pro Mechanical Keyboard 6.00 pcs 10,733.00 64,398.00 10% 70,837.80
2. Samsung Galaxy S24 256GB Phantom 1.00 pcs 68,294.00 68,294.00 10% 75,123.40
Black
3. Belkin MagSafe 3-in-1 Wireless Charger 2.00 pcs 8,991.00 17,982.00 10% 19,780.20
4. DJI Mini 3 Pro Fly More Combo Drone 2.00 pcs 117,227.00 234,454.00 10% 257,899.40
5. Apple iPhone 15 Pro 256GB Titanium 8.00 pcs 130,790.00 1,046,320.00 10% 1,150,952.0
0
6. Canon EOS R50 Mirrorless Camera Body 5.00 pcs 61,813.00 309,065.00 10% 339,971.50
7. Samsung 65 inch QLED 4K Smart TV 4.00 pcs 113,300.00 453,200.00 10% 498,520.00
SUMMARY
VAT % Net Worth VAT Gross Worth
10% 2,193,713.00 219,371.30 2,413,084.30
INR
Total INR 2,193,713.00 INR 2,413,084.30
219,371.30"
invoice_51109398.pdf,"{
  ""invoice_no"": ""51109398"",
  ""date_of_issue"": ""24/01/2024"",
  ""seller"": {
    ""name"": ""TechVision Distributors Pvt Ltd"",
    ""address"": ""Plot 14, MIDC Industrial Area, Andheri East, Mumbai, Maharashtra - 400093"",
    ""tax_id"": ""27AABCT1234F1Z5"",
    ""gstin"": ""27AABCT1234F1Z5""
  },
  ""client"": {
    ""name"": ""Salem Electronics Point"",
    ""address"": ""89 Omalur Main Road, Salem, Tamil Nadu - 636004"",
    ""tax_id"": ""401-71-2201""
  },
  ""items"": [
    {
      ""item_no"": ""1."",
      ""description"": ""Sony Alpha ZV-E10 Mirrorless Kit 16-50"",
      ""quantity"": ""6.00"",
      ""unit_measure"": ""pcs"",
      ""net_price"": ""64,981.00"",
      ""net_worth"": ""389,886.00"",
      ""vat_pct"": ""10%"",
      ""gross_worth"": ""428,874.60""
    }
  ],
  ""summary"": {
    ""vat_pct"": ""10%"",
    ""net_worth"": ""389,886.00"",
    ""vat_amount"": ""38,988.60"",
    ""gross_worth"": ""428,874.60"",
    ""total_net_worth"": ""INR 389,886.00"",
    ""total_vat"": ""INR 38,988.60"",
    ""total_gross_worth"": ""INR 428,874.60""
  }
}","Invoice no: 51109398
Date of issue: 24/01/2024
Seller: Client:
TechVision Distributors Pvt Ltd Salem Electronics Point
Plot 14, MIDC Industrial Area, Andheri East 89 Omalur Main Road
Mumbai, Maharashtra - 400093 Salem, Tamil Nadu - 636004
Tax Id: 27AABCT1234F1Z5 Tax Id: 401-71-2201
GSTIN: 27AABCT1234F1Z5
ITEMS
No. Description Qty UM Net Price Net Worth VAT % Gross
Worth
1. Sony Alpha ZV-E10 Mirrorless Kit 16-50 6.00 pcs 64,981.00 389,886.00 10% 428,874.60
SUMMARY
VAT % Net Worth VAT Gross Worth
10% 389,886.00 38,988.60 428,874.60
Total INR 389,886.00 INR 38,988.60 INR 428,874.60"
invoice_51109399.pdf,"{
  ""invoice_no"": ""51109399"",
  ""date_of_issue"": ""26/06/2023"",
  ""seller"": {
    ""name"": ""TechVision Distributors Pvt Ltd"",
    ""address"": ""Plot 14, MIDC Industrial Area, Andheri East, Mumbai, Maharashtra - 400093"",
    ""tax_id"": ""27AABCT1234F1Z5"",
    ""gstin"": ""27AABCT1234F1Z5""
  },
  ""client"": {
    ""name"": ""Tiruchirappalli Tech Store"",
    ""address"": ""34 Bharathidasan Salai, Tiruchirappalli, Tamil Nadu - 620001"",
    ""tax_id"": ""876-33-5446""
  },
  ""items"": [
    {
      ""item_no"": ""1."",
      ""description"": ""Realme GT 5 Pro 256GB Navigator Beige"",
      ""quantity"": ""10.00"",
      ""unit_measure"": ""pcs"",
      ""net_price"": ""47,746.00"",
      ""net_worth"": ""477,460.00"",
      ""vat_pct"": ""10%"",
      ""gross_worth"": ""525,206.00""
    },
    {
      ""item_no"": ""2."",
      ""description"": ""JBL Flip 6 Portable Bluetooth Speaker"",
      ""quantity"": ""4.00"",
      ""unit_measure"": ""pcs"",
      ""net_price"": ""10,344.00"",
      ""net_worth"": ""41,376.00"",
      ""vat_pct"": ""10%"",
      ""gross_worth"": ""45,513.60""
    },
    {
      ""item_no"": ""3."",
      ""description"": ""Samsung 65 inch QLED 4K Smart TV"",
      ""quantity"": ""2.00"",
      ""unit_measure"": ""pcs"",
      ""net_price"": ""139,588.00"",
      ""net_worth"": ""279,176.00"",
      ""vat_pct"": ""10%"",
      ""gross_worth"": ""307,093.60""
    }
  ],
  ""summary"": {
    ""vat_pct"": ""10%"",
    ""net_worth"": ""798,012.00"",
    ""vat_amount"": ""79,801.20"",
    ""gross_worth"": ""877,813.20"",
    ""total_net_worth"": ""INR 798,012.00"",
    ""total_vat"": ""INR 79,801.20"",
    ""total_gross_worth"": ""INR 877,813.20""
  }
}","Invoice no: 51109399
Date of issue: 26/06/2023
Seller: Client:
TechVision Distributors Pvt Ltd Tiruchirappalli Tech Store
Plot 14, MIDC Industrial Area, Andheri East 34 Bharathidasan Salai
Mumbai, Maharashtra - 400093 Tiruchirappalli, Tamil Nadu - 620001
Tax Id: 27AABCT1234F1Z5 Tax Id: 876-33-5446
GSTIN: 27AABCT1234F1Z5
ITEMS
No. Description Qty UM Net Price Net Worth VAT % Gross
Worth
1. Realme GT 5 Pro 256GB Navigator Beige 10.00 pcs 47,746.00 477,460.00 10% 525,206.00
2. JBL Flip 6 Portable Bluetooth Speaker 4.00 pcs 10,344.00 41,376.00 10% 45,513.60
3. Samsung 65 inch QLED 4K Smart TV 2.00 pcs 139,588.00 279,176.00 10% 307,093.60
SUMMARY
VAT % Net Worth VAT Gross Worth
10% 798,012.00 79,801.20 877,813.20
Total INR 798,012.00 INR 79,801.20 INR 877,813.20"
invoice_51109400.pdf,"{
  ""invoice_no"": ""51109400"",
  ""date_of_issue"": ""22/02/2024"",
  ""seller"": {
    ""name"": ""TechVision Distributors Pvt Ltd"",
    ""address"": ""Plot 14, MIDC Industrial Area, Andheri East, Mumbai, Maharashtra - 400093"",
    ""tax_id"": ""27AABCT1234F1Z5"",
    ""gstin"": ""27AABCT1234F1Z5""
  },
  ""client"": {
    ""name"": ""Guntur Smart Devices"",
    ""address"": ""56 Brodipet 4th Lane, Guntur, Andhra Pradesh - 522002"",
    ""tax_id"": ""979-10-3605""
  },
  ""items"": [
    {
      ""item_no"": ""1."",
      ""description"": ""Boat Rockerz 550 Bluetooth Headphones"",
      ""quantity"": ""1.00"",
      ""unit_measure"": ""pcs"",
      ""net_price"": ""3,397.00"",
      ""net_worth"": ""3,397.00"",
      ""vat_pct"": ""10%"",
      ""gross_worth"": ""3,736.70""
    },
    {
      ""item_no"": ""2."",
      ""description"": ""Samsung Galaxy Buds2 Pro Graphite"",
      ""quantity"": ""9.00"",
      ""unit_measure"": ""pcs"",
      ""net_price"": ""14,758.00"",
      ""net_worth"": ""132,822.00"",
      ""vat_pct"": ""10%"",
      ""gross_worth"": ""146,104.20""
    }
  ],
  ""summary"": {
    ""vat_pct"": ""10%"",
    ""net_worth"": ""136,219.00"",
    ""vat_amount"": ""13,621.90"",
    ""gross_worth"": ""149,840.90"",
    ""total_net_worth"": ""INR 136,219.00"",
    ""total_vat"": ""INR 13,621.90"",
    ""total_gross_worth"": ""INR 149,840.90""
  }
}","Invoice no: 51109400
Date of issue: 22/02/2024
Seller: Client:
TechVision Distributors Pvt Ltd Guntur Smart Devices
Plot 14, MIDC Industrial Area, Andheri East 56 Brodipet 4th Lane
Mumbai, Maharashtra - 400093 Guntur, Andhra Pradesh - 522002
Tax Id: 27AABCT1234F1Z5 Tax Id: 979-10-3605
GSTIN: 27AABCT1234F1Z5
ITEMS
No. Description Qty UM Net Price Net Worth VAT % Gross
Worth
1. Boat Rockerz 550 Bluetooth Headphones 1.00 pcs 3,397.00 3,397.00 10% 3,736.70
2. Samsung Galaxy Buds2 Pro Graphite 9.00 pcs 14,758.00 132,822.00 10% 146,104.20
SUMMARY
VAT % Net Worth VAT Gross Worth
10% 136,219.00 13,621.90 149,840.90
Total INR 136,219.00 INR 13,621.90 INR 149,840.90"
